Time (s),Linear Acceleration x (m/s^2),Linear Acceleration y (m/s^2),Linear Acceleration z (m/s^2),Absolute acceleration (m/s^2)
0.009263874963,-0.09570925405,0.06234994772,0.2527289397,0.2773439998
0.01925087487,-0.1351678641,-0.03048831431,0.2635065275,0.2977172801
0.02923787478,-0.1722840796,0.007502818219,-0.01326616287,0.1729568948
0.03922587493,-0.01113369931,0.03601163305,0.1677086699,0.1718923935
0.04921287484,0.0891399164,0.1036907491,-0.04768930614,0.1448170089
0.05919987475,-0.1395592053,0.0413581603,-0.003083236814,0.1455911246
0.06918787491,-0.09588870876,-0.01257254834,0.07160968065,0.1203356132
0.07917487482,-0.01059888693,0.08470329585,-0.02044478953,0.08777798215
0.08916187473,-0.008257683482,0.01659315549,0.08778483331,0.08972011539
0.09914887464,-0.05791498083,0.04391162567,0.02372156918,0.07645317991
0.1091368748,-0.03214716026,0.02199576576,0.05741088688,0.06937768775
0.1191238747,-0.02441168452,0.02663417922,0.04394942701,0.05689342649
0.1291108746,-0.01323088772,0.0402807423,0.04425991416,0.06129057506
0.1390988748,-0.02456181864,0.04098055808,0.03709005833,0.06048439056
0.1490858747,-0.02584025752,0.01978623316,0.002820696831,0.03266757203
0.159072875,-0.04180873395,0.0253897227,0.009561951756,0.04984013618
0.169059875,-0.04634277003,0.03093621103,0.002377477884,0.05577054678
0.1790478746,-0.03913246335,0.02348504474,0.01974195421,0.0497256651
0.189034875,-0.02041783295,0.04257437659,-0.00511046648,0.04749297119
0.1990218749,-0.08468204487,0.01585701845,0.0510204649,0.1001278263
0.2090088748,-0.02903738485,0.01331029565,0.03769758403,0.04941094546
0.218996875,-0.001864836956,0.0462404803,0.03036283672,0.05534944886
0.2289838749,-0.03683468804,0.01811110181,0.05730739117,0.07049073225
0.2389708748,-0.01251337269,0.02514438633,0.03829926252,0.0474937698
0.248958875,-0.01061506499,0.04024082591,0.03021957994,0.05143176729
0.2589458749,-0.03334538037,0.0285215074,0.03710701525,0.05746582773
0.2689328748,-0.02096677915,0.02859646596,0.02992429554,0.04639856848
0.2789198747,-0.03490275428,0.03432824478,0.02588620842,0.05537803204
0.2889078748,-0.07220516932,0.03541878248,0.03786306024,0.08889143918
0.2988948748,-0.04800097187,0.03281581677,0.03936170161,0.07021619959
0.3088818747,-0.04810225661,0.04141744102,0.0359206152,0.07293505404
0.3188698748,-0.03667183166,0.02395622982,0.03427520871,0.05561936818
0.3288568747,-0.03370966419,0.02025628991,0.02424781859,0.04620189874
0.3388438746,-0.01435356683,0.03259417076,0.03427871704,0.04943111662
0.348830875,-0.02348686057,0.02646766833,0.03847175539,0.05227089103
0.3588188747,-0.03703082329,0.02277309598,0.03832440555,0.0579539113
0.3688058746,-0.01734898349,0.0155077067,0.03653164923,0.0433132496
0.378792875,-0.03397701442,0.02419904916,0.05240040779,0.06697637065
0.3887798749,-0.05108207536,0.0288082311,0.02695566416,0.06454378694
0.398767875,-0.06647586185,0.01228342408,0.02785613537,0.07311557286
0.408754875,-0.06520951483,0.02006342316,0.02097103894,0.07137651047
0.4187418749,-0.06487233605,0.02778278936,0.03519263685,0.07885952737
0.428729875,-0.05352322394,0.02656366317,0.03803847671,0.07083282722
0.4387168749,-0.0267726189,0.0363845278,0.04283026993,0.06224981132
0.4487038748,-0.0371947509,0.02308747976,0.03968739152,0.05908951059
0.4586908747,0.03504071888,0.01081111345,0.03086101949,0.04792843287
0.4686788749,-0.08028095528,0.04100396521,0.02517284811,0.09359502779
0.4786658748,-0.004139486072,-0.002789820791,0.0269702822,0.02742835334
0.4886528747,-0.04359017042,0.02089829592,0.03670355737,0.06069590475
0.4986408749,-0.01871778698,0.0228023412,0.03240877748,0.04382500623
0.5086278748,-0.1987125076,0.1063223159,-0.1555552322,0.273840329
0.5186148747,0.2238593722,0.06238734249,-0.3486326319,0.4189867671
0.5286018746,0.3651355941,0.01250745923,0.5597405058,0.668423423
0.5385898747,-0.3116330958,-0.04999812949,0.2589790285,0.4082709107
0.5485768747,-0.2611888374,-0.1309247681,-0.2916047376,0.4127883559
0.558563875,0.09242436139,-0.001558483969,0.2529546422,0.2693153216
0.5685508749,-0.01887578057,0.004039421026,-0.07742999911,0.07979985449
0.5785388746,-0.08696209352,-0.04990504913,0.04209702909,0.1087431814
0.588525875,-0.06457887435,-0.04879783773,-4.560828209e-05,0.08094233787
0.5985128749,0.04893098522,0.05204047055,-0.09350048661,0.117663898
0.6085008746,-0.1179430083,0.1633084757,0.1384942263,0.2444603489
0.618487875,-0.1089353178,0.168019888,0.1235189223,0.2352753927
0.6284748749,0.1364580705,0.2135976549,-0.009556104541,0.2536455841
0.6384618748,0.07068467855,0.4814313778,0.01204467952,0.4867417895
0.6484498749,-0.1099396776,0.8636671541,0.09626738906,0.8759424045
0.6584368749,-0.2926637963,1.039000666,0.1677577865,1.09239057
0.6684238748,-0.3472243666,0.7652495246,0.4675837094,0.9616684048
0.6784118749,-0.239335143,0.200229787,0.5579208523,0.6392565649
0.6883988748,-0.1195830518,-0.474768841,0.3539255315,0.6041265104
0.6983858747,0.02102687985,-0.7846412306,0.2565284604,0.8257789301
0.7083728747,0.2587031495,-0.7892734679,0.1341766423,0.8413580082
0.7183608748,0.4542238814,-0.7663105749,0.2580633545,0.9274416028
0.7283478747,0.4182997213,-0.9522978602,0.5635476279,1.182975824
0.7383348746,0.2640145958,-0.94781882,0.7263861519,1.222988579
0.748321875,0.1375714718,-1.005031194,0.8072016889,1.296375014
0.7583098747,0.008609476872,-1.441742555,0.8197416276,1.658515014
0.7682968746,-0.1142316618,-1.618571712,0.6634853142,1.753007707
0.778283875,0.04983446684,-1.334740847,0.7483617425,1.531032952
0.7882718747,0.4813264569,-1.184292354,0.9349545801,1.583781426
0.798258875,0.6184427503,-0.9211475497,1.01768508,1.505545471
0.8082463332,0.423385191,-0.4033224439,1.055577961,1.206718213
0.8182333331,0.5862596753,-0.3508887435,1.062589357,1.263297059
0.8282213332,0.8244279516,-0.7235571228,1.006864808,1.48895705
0.8382083331,0.06044807687,-1.154977704,1.155056641,1.634559057
0.848195333,-0.6794532562,-1.21057303,1.443440148,2.002664038
0.8581833332,-0.7662391658,-1.175507789,1.845288289,2.318195396
0.8681703331,-0.07321561843,-1.364790858,2.439878785,2.796609214
0.878157333,1.29098774,-1.412178009,3.196526032,3.72540934
0.8881443329,3.582307779,-1.169482965,3.629980713,5.232339764
0.8981323331,5.589411914,-1.207466258,3.586857498,6.750188666
0.908119333,3.899711602,-2.089928922,3.128703593,5.418887307
0.9181063334,0.7607774279,-2.60099355,2.438708172,3.645716293
0.9280933333,-0.8485476431,-2.593358256,1.745025498,3.238927929
0.9380813329,-0.8169033891,-2.188890561,1.251133411,2.650265619
0.9480683333,0.2190533629,-1.661436772,0.7868375909,1.851342734
0.9580553332,2.078145759,-1.235228107,0.3293046606,2.439860617
0.9680433329,3.217915732,-1.056780733,-0.04097319424,3.387247552
0.9780303333,2.794671459,-1.112512227,-0.3594944197,3.029374235
0.9880173332,2.115168574,-1.073745406,-0.6357063621,2.455807377
0.9980043331,1.479721536,-0.9416907187,-0.7858996975,1.921976995
1.007992333,1.024931535,-0.9059057589,-0.8935656488,1.633893957
1.017979333,0.5558257949,-1.126582967,-1.18722159,1.728475223
1.027966333,0.3782929257,-0.9373469684,-1.642796288,1.928860938
1.037954333,0.2984301925,-0.6810053265,-2.062355061,2.192290407
1.047941333,-0.3691595748,-0.8307280342,-2.341041545,2.511346924
1.057928333,-1.80690892,-1.414668338,-2.470070883,3.371565885
1.067915333,-2.204642376,-1.783688165,-2.525887234,3.797643716
1.077903333,-1.499015009,-1.610143681,-2.585074505,3.394439404
1.087890333,-0.9837449169,-1.083662138,-2.804056824,3.16303847
1.097877333,-0.6470821202,-0.6586576337,-2.956056365,3.096903999
1.107864333,-0.3239983124,-0.4074081858,-2.990643815,3.03560649
1.117852333,-0.7754220718,-0.4147677473,-3.058260432,3.182179841
1.127839333,-1.734763634,-0.4634973462,-3.15169543,3.627315638
1.137826333,-2.004873422,-0.42462502,-3.234443471,3.829027085
1.147814333,-1.722673931,-0.2864281976,-3.219454134,3.662585358
1.157801333,-1.319459295,-0.2942760381,-3.182571652,3.45779316
1.167788333,-0.5010993648,-0.4827369149,-3.177713785,3.252998679
1.177775333,0.7213844436,-0.6811540651,-3.358253,3.501746649
1.187763333,1.000889538,-0.1765465902,-2.548000234,2.743219597
1.197750333,0.8768645391,0.007341617793,-1.532535927,1.765675986
1.207737333,0.4910099941,0.1959124222,-0.5628646731,0.7721975989
1.217725333,0.1737558603,0.2377420874,0.1812379575,0.3457739093
1.227712333,-0.0755261457,0.07102715179,0.8355618542,0.8419695168
1.237699333,-0.344802998,-0.05547808975,1.249464031,1.297353957
1.247686333,-1.899054607,0.5732209691,1.007075307,2.224677809
1.257674333,-1.854188336,0.2673415701,1.105381036,2.175167381
1.267661333,-0.9690555418,0.6636753488,1.16127457,1.651693749
1.277648333,-0.5311593157,0.4992218238,0.9751495099,1.21748479
1.287635333,-0.2306475145,0.1537734394,0.7700426334,0.8184193325
1.297623333,-0.7185725176,0.4649360901,0.1662445271,0.8718653989
1.307610333,-1.331082975,1.096423101,-0.2726860714,1.745933331
1.317597333,-0.7938729608,1.512050353,0.1146960586,1.711632476
1.327585333,-0.03507043004,1.447825559,0.9327911103,1.722651457
1.337572333,0.1013585597,1.022544409,1.333358712,1.683364512
1.347559333,-0.3960693383,0.2415306446,0.6368652803,0.7879120244
1.357546333,-0.9419975513,-0.1556400168,-0.1012568182,0.9601229842
1.367534333,-1.005188996,0.01396929055,-0.005552515984,1.005301392
1.377521333,-0.4005693555,0.2041564116,-0.0992564857,0.4604210018
1.387508333,-0.2218068168,0.5217286339,-0.8469896525,1.019210725
1.397496333,-0.3693326524,0.8008574599,-0.894462027,1.256121649
1.407483333,0.04628714383,0.7939960447,-0.5825645274,0.9858770954
1.417470333,0.7420330086,0.8853886101,-0.5038627589,1.260318871
1.427457333,1.283498627,0.8872298983,-0.2059167159,1.573832047
1.437445333,1.256227505,-0.1205675402,-0.06144546568,1.263495003
1.447432333,1.053082954,-0.1957758898,-1.070020584,1.514019801
1.457419333,1.907369932,1.753649848,-1.683778253,3.090057775
1.467407333,2.520161933,2.199572255,-2.251497869,4.032192571
1.477394333,1.53893512,0.7353218669,-2.540957263,3.060307724
1.487381333,-1.522923397,0.2104898232,-3.076373352,3.439138648
1.497368333,-3.002926476,-0.9077369606,-3.428775684,4.647370923
1.507356333,-4.062302788,-2.744693552,-2.435450689,5.474218364
1.517343333,-3.259086562,-1.804419175,-2.168354555,4.310375303
1.527330333,-1.862672792,0.5521034575,-1.948620284,2.751633909
1.537317333,-0.7085976063,1.724097728,-2.462390565,3.08836378
1.547305333,-0.4028981553,1.001277793,-2.111868698,2.371681585
1.557292333,-0.6060644871,-0.8183558375,-1.23258195,1.598836672
1.567279333,-1.054727338,-2.488555101,-0.7995371586,2.818619505
1.577267333,-0.9820525865,-3.526156967,-0.5947495401,3.708360454
1.587254333,-0.9669667701,-4.561790661,-0.8406354833,4.738314762
1.597241333,-1.23003958,-5.650750961,-1.262372929,5.919254108
1.607228333,-1.177492408,-6.240983527,-1.360238362,6.495122181
1.617216333,-1.369798998,-6.110803456,-1.618340016,6.468175367
1.627203333,-1.202557959,-5.312780142,-1.718982876,5.711976944
1.637190333,-1.00399324,-4.516066604,-1.012364114,4.735793608
1.647177333,-1.585703782,-3.813314897,1.0116949,4.25198231
1.657165333,-1.489753019,-3.343854232,2.604776406,4.492837111
1.667152333,-1.723887813,-3.743834773,3.004404067,5.100444275
1.677139333,-1.826056212,-4.201439624,2.939681822,5.443188902
1.687127333,-1.746275632,-3.85184571,2.367979667,4.847011622
1.697114333,-2.488704205,-3.739841709,2.059241857,4.941714445
1.707101333,-2.278319047,-2.800332733,2.007563726,4.130727927
1.717088333,-1.966670054,-1.67732585,1.975469529,3.253258823
1.727076333,-1.432361428,-0.5307453328,1.998939668,2.515772181
1.737063333,-1.315596625,0.0388301897,2.046367019,2.433088621
1.747050333,-1.182344427,0.8615644222,2.960444115,3.302190327
1.757038333,-1.091858765,1.62224157,3.10191282,3.666836023
1.767025333,-1.058310365,1.929471822,3.263840933,3.936437473
1.777012333,-0.4384540504,1.765872576,3.563197324,4.000865291
1.786999333,-0.4705646199,1.213638141,3.015457059,3.284407081
1.796987333,-0.3858080596,0.9870468396,2.84864886,3.039392974
1.806974333,-0.07002099216,1.698866408,2.555512737,3.069478027
1.816960708,-1.336611518,0.4712347108,2.716506464,3.063984314
1.826947708,-2.343313773,-0.08861221433,2.584856404,3.490050743
1.836935708,-2.228469779,0.3723623872,2.495082933,3.36603181
1.846922708,-2.015279712,0.6910444111,3.054960848,3.724470497
1.856909708,-1.914660825,0.9118738657,3.919774568,4.456688534
1.866897708,-1.725881129,1.167421163,3.759461457,4.29826573
1.876884708,-1.267719623,0.9873555726,3.681948427,4.017303609
1.886871708,-0.6573030531,0.8385538745,3.824816955,3.970446404
1.896858708,-0.1501787174,0.8906274229,3.798630785,3.904531559
1.906846708,0.1782143623,1.038376037,3.329968264,3.492659988
1.916833708,0.2291436106,1.015854902,2.659837882,2.856432308
1.926820708,0.1339994717,0.6628555691,1.977016264,2.08948
1.936808708,0.2624183607,0.2348519549,1.541168317,1.580891716
1.946795708,0.5797046542,-0.1241308334,1.52996973,1.640814836
1.956782708,1.331468892,-0.2292178702,2.159781514,2.547549102
1.966769708,2.265559253,0.005221271217,2.818929802,3.616510918
1.976757708,3.014859474,0.4011008674,3.1744487,4.396292085
1.986744708,2.885437787,0.7663775986,3.778708444,4.815778582
1.996731708,2.223654597,1.074442833,4.118876939,4.802521672
2.006718708,1.517884558,1.634756658,3.841431234,4.442183786
2.016706708,-0.04668066144,0.4969323465,3.299417732,3.336956429
2.026693708,-1.14806571,-0.4435110149,2.623372014,2.897729735
2.036680708,-2.200231236,-1.428143247,2.315906703,3.49914768
2.046668708,-3.343977608,-2.908807646,1.469725721,4.66941558
2.056655708,-2.3831988,-4.116145704,0.6018422127,4.794215893
2.066642708,-0.007427133322,-4.471315231,0.5087627256,4.500172727
2.076629708,1.186302407,-4.212855435,0.9112884863,4.470560482
2.086617708,0.5981491113,-2.7290695,1.36627225,3.110032565
2.096604708,-0.007874445319,-1.33747252,1.411524875,1.94455579
2.106591708,-0.2771591914,-0.5119909734,0.4500087698,0.7358395661
2.116579708,-0.3997758883,-0.06023275316,0.5401879648,0.6747234862
2.126566708,-0.5037925923,-0.03735537574,0.4817883869,0.6980848443
2.136553708,-0.3535378611,-0.2312202492,0.5140567581,0.6653616862
2.146540708,-0.4373039031,-0.5367508619,0.8679326248,1.110244672
2.156528708,-1.095302775,-0.8200565001,1.014877832,1.703572084
2.166515708,-1.476309686,-0.3237729022,1.164874116,1.908206196
2.176502708,-1.031024918,1.017460255,1.005766701,1.763463753
2.186489708,-0.6949304706,2.405910117,0.8296427178,2.638112751
2.196477708,-1.352507758,1.613390932,1.827259569,2.787684536
2.206464708,-0.9535311842,3.286546548,-1.069556315,3.585325738
2.216451708,-1.375262783,1.755601941,-0.8372815204,2.382126412
2.226439708,-1.642938375,0.2248859605,-0.2831163347,1.682252971
2.236426708,-0.2927659947,1.729289617,-0.464675889,1.814408496
2.246413708,0.6432644731,2.817706857,-0.1647909093,2.894895017
2.256400708,1.3865865,2.636480302,1.028084353,3.151286712
2.266388708,2.319783992,1.345676748,2.282567634,3.521698267
2.276375708,2.876016753,0.6662352598,1.903280974,3.512523346
2.286362708,2.70722401,-0.5754396951,0.3915587962,2.795265814
2.296350708,2.167483905,-1.791192481,-0.4572201043,2.848755379
2.306337708,1.042952653,-1.956244761,-0.7160395038,2.329668726
2.316324708,-0.4260579532,-3.947124627,-0.2452064236,3.977617929
2.326311708,0.1720122206,-2.958898112,-0.4543263173,2.998512738
2.336299708,-0.2805365431,-2.642170812,-0.05531758368,2.657598048
2.346286708,-0.6305245596,-2.242009154,0.2859895834,2.346477425
2.356273708,-0.2184718573,-1.025335869,0.3208074868,1.096339838
2.366260708,-0.1193679839,-0.3499465013,-0.1870289668,0.4143562522
2.376248708,0.2949622089,0.5421278152,-0.892889199,1.085429129
2.386235708,-0.3897824121,-0.2274436788,-0.1964027844,0.4921737594
2.396222708,0.2113183737,0.1165978655,-0.5089439893,0.5632712504
2.406210708,0.04534983516,0.5565911955,-0.2468928337,0.6105787728
2.416197708,0.2634609193,0.7436165808,0.184376085,0.8101677703
2.426184708,0.4051734531,0.8542230968,0.2238114616,0.9715730526
2.436171708,0.3445454282,0.6872231095,-0.008945216686,0.7688089302
2.446159708,0.1750937033,0.09025060415,-0.3715524016,0.4205403234
2.456146708,0.06521107256,-0.3811419815,-0.485352813,0.6205554344
2.466133708,-0.2168866771,-0.8205589221,-0.4595053424,0.965143479
2.476121708,-0.3372475183,-0.5547732961,-0.4997024649,0.8192751993
2.486108708,-0.319240433,-0.391762864,0.04498263001,0.507361836
2.496095708,-0.1373896873,-0.1913741058,0.1939661765,0.3051603712
2.506082708,-0.1777775753,-0.524997666,0.006831740588,0.5543230902
2.516070708,-0.1083348727,-0.5620165345,0.04873127997,0.5744334316
2.526057708,-0.2315649426,-0.8817405322,-0.2725094855,0.9514988747
2.536044708,0.01016889274,-0.4214376296,0.2869788592,0.509970536
2.546031708,0.0005999243259,0.1219916296,0.4658488405,0.4815573276
2.556019708,-0.1495027792,0.263923434,0.4432259631,0.5370809198
2.566006708,0.1815589696,0.2229869311,0.4862449519,0.5649079431
2.575993708,0.07822872877,-0.2140020995,-0.239110482,0.3302884424
2.585981708,0.1205906367,0.1001309368,0.225192647,0.274372073
2.595968708,0.2284893072,-0.1192459233,0.6894672708,0.7360652629
2.605955708,0.3242614371,0.2564550778,0.04777774528,0.4161699166
2.615942708,0.06474446476,0.3214015639,-0.06930412352,0.335102779
2.625930708,0.1947789395,0.6767280883,-0.05608795434,0.7064315956
2.635917708,-0.2359456766,-0.3426439136,-0.250705803,0.4857248331
2.645904708,0.2697975469,-0.431337989,0.3871078956,0.6392931252
2.655891708,0.2289547455,0.4045977947,-0.2237425375,0.5159267139
2.665879708,-0.06913513899,0.3828515612,0.001019608229,0.3890450166
2.675866708,0.03028389931,0.3060502839,0.1407111982,0.3382063455
2.685853708,0.1321231002,0.4959457751,0.3141062853,0.6017320698
2.695841708,0.1147831821,0.3277674276,0.2737757,0.4422214371
2.705828708,0.09788063586,0.1759954901,0.2331955849,0.3081155826
2.715815708,0.1121560282,0.08335702926,0.2243714055,0.2643291444
2.725802708,7.484436035e-05,-0.04441179559,0.2505236623,0.254429791
2.735790708,-0.1390748549,-0.05712583512,0.3192837024,0.3529125372
2.745777708,-0.2082632035,-0.199762229,0.4042069083,0.4966505158
2.755764708,-0.2835618925,-0.2280034035,0.5157979493,0.6312213743
2.765752708,-0.2819866526,-0.0468613404,0.4428023323,0.5270544213
2.775739708,-0.3481818116,-0.2609419388,0.09653256029,0.4456902562
2.785726708,-0.3065554833,-0.07502971709,0.4195681286,0.5250172734
2.795713708,-0.3893076181,0.1020476541,0.2831081486,0.4920613468
2.805701708,-0.375790025,-0.1895836884,0.196907326,0.4646854988
2.815689208,-0.4322717893,0.1347669187,0.5460606524,0.7093682107
2.825676208,-0.3918055487,-0.2784528878,0.2352940044,0.5351736795
2.835664208,-0.4759709555,-0.1493264857,0.5040978169,0.7091976867
2.845651208,-0.4794693446,-0.05505767494,0.5992422482,0.7694241172
2.855638208,-0.5451891249,-0.414072623,0.544265411,0.8745925661
2.865625208,-0.6529533094,-0.612197924,1.230374918,1.521498196
2.875613208,-0.4515792954,-0.0285484457,0.7798934376,0.9016499586
2.885600208,-0.4640467286,0.08609995812,0.4914412263,0.6813714464
2.895587208,-0.313616581,0.1507201695,0.7956282949,0.8683871908
2.905574208,-0.2293348145,0.1234926099,0.863698656,0.9021198646
2.915562208,-0.2003320402,0.2003080666,0.9509804825,0.9922802659
2.925549208,-0.2163545805,0.7495206606,0.03473012209,0.7808948115
2.935536208,-0.6482960021,0.6624676064,0.8029412614,1.226322023
2.945524208,-0.4495134741,-0.6763795942,1.218063313,1.463977443
2.955511208,0.06231026888,-0.0523653245,0.7079865722,0.712649762
2.965498208,0.1136324501,0.1933606973,0.197779292,0.2990273254
2.975485208,0.3609275723,0.08813800514,0.185890587,0.4154423314
2.985473208,0.6230225819,-0.1542226517,-0.2409894848,0.6855783658
2.995460208,0.910438959,-0.02932729483,-0.3825498448,0.9879795403
3.005447208,0.4331038481,-0.06099318355,-0.277582676,0.518026306
3.015434208,0.1647786301,-0.02616658241,-0.1061445057,0.1977456525
3.025422208,-0.2289699483,-0.01502792895,-0.01008176923,0.2296839523
3.035409208,-0.1762982297,-0.2100600529,0.12060467,0.2995860111
3.045396208,-0.03268125772,-0.01415932506,-0.1512318009,0.1553692656
3.055384208,0.06165713489,-0.06518826842,-0.2528689805,0.2683166672
3.065371208,0.1871769744,0.07037211746,-0.3818613352,0.4310516605
3.075358208,-0.01798778951,0.4280118003,-0.5013624895,0.6594558421
3.085345208,-0.2365561259,0.5976985833,-0.4036976159,0.7590613692
3.095333208,-0.0636124438,0.344674944,-0.4015611894,0.5330091452
3.105320208,-0.5307330537,0.6646138269,0.03132470369,0.8510994949
3.115307208,-0.1828476959,0.2978694445,-0.07605707288,0.357692835
3.125295208,-0.3088534391,0.2128909823,-0.1838930319,0.4177674765
3.135282208,-0.1972166437,0.3177081701,-0.3343035914,0.5015892514
3.145269208,0.1272441834,0.7017924705,-0.07992281333,0.7176986902
3.155256208,-0.3534355348,0.7783486032,-0.08678437471,0.8592291622
3.165244208,-0.4052249086,1.057759557,-0.04218137518,1.133508613
3.175231208,-0.466284458,1.401458309,0.5499680543,1.576062006
3.185218208,-0.3928615558,1.22202451,0.3553595611,1.331902595
3.195205208,0.5245601481,0.3613529572,-0.03208718061,0.6377843647
3.205193208,0.4739753008,0.1970236856,0.4325808147,0.6712652826
3.215180208,0.8036600304,-0.5220192406,0.3006357622,1.004368156
3.225167208,1.030649527,-1.219682992,-0.1585814586,1.604684744
3.235155208,0.778359713,-1.485000987,0.617857444,1.786846271
3.245142208,0.9509122163,-1.002688726,-0.05586692959,1.38301838
3.255129208,-0.3978562474,-0.5603059316,0.4464100644,0.8194597465
3.265116208,-0.8204234129,-1.391179488,1.249350303,2.041898901
3.275104208,-0.6907900572,-0.6929377395,0.6642226481,1.182601091
3.285091208,-0.9934624046,-0.5040837836,0.3926427238,1.181201219
3.295078208,-0.9435225052,-0.4103002918,0.4878362717,1.138668202
3.305066208,-0.3185130394,0.2811259425,0.5252249765,0.6755321071
3.315053208,0.03693101406,0.2434219265,0.04108107537,0.2496112755
3.325040208,-0.2032842994,0.4638219032,-0.176088607,0.536155259
3.335027208,-0.4302252638,0.838619948,0.06036197662,0.9444685083
3.345015208,-0.4891523337,0.9685190597,0.04513699651,1.085972616
3.355002208,-0.5863505995,0.1377522147,0.1461821455,0.6197999015
3.364989208,-0.3915769225,-0.02248576015,0.1575372921,0.4226772931
3.374976208,-0.2671674693,0.1946026459,-0.0940947099,0.3436603859
3.384964208,-0.2792934251,0.5949655947,-0.04364785686,0.6587063166
3.394951208,-0.4715978229,0.1992921129,0.0231839177,0.5125030213
3.404938208,-0.2828187114,-0.1515618762,-0.1079138732,0.3385303973
3.414926208,0.02791051447,-0.4841181734,-0.4554106835,0.6652430332
3.424913208,-0.2159049296,-1.157955691,-0.7141803816,1.377508598
3.434900208,0.08194989681,-0.9223506144,-0.3224974783,0.980536111
3.444887208,0.0920386827,-0.4588941622,-0.153615126,0.4925977854
3.454875208,0.2706009543,-0.01847223133,-0.1644209267,0.317175568
3.464862208,0.06835979819,0.8671242473,-0.8443784322,1.212250988
3.474849208,-0.6332651496,1.028897116,0.7250405614,1.409020171
3.484837208,-0.3578343952,0.3572517201,0.8065717976,0.9519623472
3.494824208,-0.3011111408,0.1571927449,0.7210201621,0.7970241856
3.504811208,-0.01860408604,0.1607931679,0.6790644895,0.698089633
3.514798208,-0.05616309106,0.03703392506,0.3553174612,0.3616300632
3.524786208,-0.1286118472,0.1245439392,0.2991960315,0.3486695647
3.534773208,-0.2697805899,0.3286339849,0.3734948467,0.5659330908
3.544760208,-0.5448406309,0.6383414099,0.39088929,0.9258107288
3.554747208,-0.6475481433,0.5892057949,0.3112668774,0.9291765901
3.564735208,-0.382041868,0.4955328155,0.07613323286,0.6303213698
3.574722208,0.01536706746,0.4045831767,-0.08514540017,0.4137311117
3.584709208,0.2654881489,0.5021001157,0.04587491512,0.5698183845
3.594697208,0.1861063492,1.016513883,0.1854007365,1.049909272
3.604684208,-0.5272545451,-0.1258747655,-0.3133079942,0.6261019974
3.614671208,-0.3833007735,-0.1753261301,-0.02676182896,0.4223445635
3.624658208,-0.3496518016,0.2620722055,0.3825260174,0.5807446748
3.634646208,-0.2064382875,0.6867595714,0.03195971131,0.7178279032
3.644633208,0.1977019626,0.2373709354,-0.6128275229,0.6862860918
3.654620208,-0.1158228171,-0.1126884171,0.008928698301,0.1618435231
3.664607208,0.1245193809,0.3819579604,0.1418300629,0.426043104
3.674595208,0.2440645355,0.2081677477,0.3741982667,0.4928748842
3.684582208,0.07454381347,-1.025390395,0.06831404373,1.030363553
3.694569208,0.7145642513,-1.341422168,0.3335835068,1.556050596
3.704557208,0.4820678473,-1.984375277,-0.05437106565,2.042814446
3.714544208,-0.06545724034,-1.661285914,0.2530227622,1.681718186
3.724531208,0.2728597337,-1.107135127,1.258264383,1.698066513
3.734518208,0.7524232185,-0.2464819206,1.30259154,1.524348634
3.744506208,1.345452508,-0.4058980693,0.3329582933,1.444249604
3.754493208,1.451692908,1.969853571,0.4217526484,2.483064777
3.764480208,1.709721179,2.484034619,0.6998663977,3.095704681
3.774468208,1.193944718,3.234591406,0.5478042921,3.491156699
3.784455208,0.280087477,3.629421135,0.3468308124,3.656697742
3.794442208,-0.005763015747,3.43045325,0.01421107292,3.430487526
3.804429208,-0.9961994863,3.184976904,0.1300771594,3.339672344
3.814417625,-2.066337014,2.787337881,-0.01621783733,3.469764277
3.824404625,-3.221631052,3.326560214,-0.08513721406,4.631647422
3.834391625,-2.959997973,1.33724214,0.2157482243,3.255203809
3.844378625,-2.588099855,-1.927869393,0.103115648,3.228865759
3.854366625,-2.226339639,-4.224388191,-0.005986087024,4.775152313
3.864353625,-0.8677542847,-5.479559689,0.1053361282,5.548843806
3.874340625,0.4322840685,-4.532045875,0.2406769511,4.55897299
3.884328625,1.260904108,-3.762140358,0.4404157913,3.992185531
3.894315625,1.038856679,-2.521837453,0.2206727493,2.736344971
3.904302625,0.2267749035,-1.597394997,0.2201219416,1.628358469
3.914289625,0.1227102524,-1.379323966,0.2499111664,1.407141784
3.924277625,-0.215454694,-0.6793534881,0.4292309448,0.8319742129
3.934264625,-0.3474994415,0.9200845259,0.2783350664,1.022145687
3.944251625,0.2973946506,0.9453281254,0.03113086849,0.9914928007
3.954238625,-0.01492209435,1.480031438,-0.01460663706,1.480178733
3.964226625,-0.2917789847,1.133527485,0.1876324725,1.185422069
3.974213625,-0.452764526,2.268591034,0.3069718051,2.333609369
3.984200625,-0.155610196,3.135910286,0.1915661868,3.145607328
3.994188625,-0.09767949164,2.958143821,0.1396165994,2.963047239
4.004175625,0.004884763956,2.455744035,0.1499886829,2.460325026
4.014162625,-0.3151859736,2.878618764,0.2696727088,2.908352035
4.024149625,-0.7255435681,2.888985293,0.752900936,3.072378445
4.034137625,-0.6480685455,3.340498515,0.5153007898,3.441577846
4.044124625,-0.1994198745,4.317491652,0.4053582251,4.341061822
4.054111625,0.5355043817,1.752257334,0.4201566508,1.879814437
4.064098625,1.143014885,-2.557726493,-0.07276947588,2.802453075
4.074086625,0.3985345244,-4.581749547,-0.1543650314,4.601639625
4.084073625,-0.02010740519,-5.182328176,-0.1582923138,5.184784093
4.094060625,0.5005994278,-4.787035348,-0.0948044157,4.814072609
4.104048625,0.4141191083,-4.435575587,0.002397650778,4.454866011
4.114035625,-1.218977233,-1.708171667,0.3840679282,2.133369193
4.124022625,-0.618492744,0.9523389369,0.373269875,1.195329714
4.134009625,0.3826008618,1.220675849,0.216324175,1.297393193
4.143997625,0.06298269868,1.178430301,0.1167788368,1.185876086
4.153984625,0.1351829481,0.6232243109,0.04965221643,0.6396470228
4.163971625,0.2254019773,0.6463205203,-0.02896272093,0.6851095574
4.173959625,0.3574017012,1.069403118,0.1790054905,1.141666313
4.183946625,0.9215130007,-0.4292364997,0.2947049314,1.058433361
4.193933625,0.3924154133,-0.6854781541,0.4266260102,0.8977081424
4.203920625,0.1997104812,-1.130694802,0.5232076871,1.261784964
4.213908625,-0.2824906826,-1.070969002,0.5122178453,1.220304352
4.223895625,-0.7265370101,-1.064701957,0.4720656002,1.372695237
4.233882625,-1.00209348,-1.551738768,0.2785519981,1.868067387
4.243869625,-1.113330325,-1.447858304,0.03087417573,1.826677666
4.253857625,-0.4363952458,-0.6026546833,-0.07508965105,0.7478448593
4.263844625,-0.531123063,-0.4842573372,0.1265878335,0.7298091231
4.273831625,-0.5241771555,-0.5822628111,0.165384694,0.8007145362
4.283819625,-0.2999475449,-0.5506662118,0.1723937514,0.6503240824
4.293806625,-0.1404717547,-0.6073976523,0.1955762073,0.6533867727
4.303793625,-0.0561829716,-0.6535488483,0.1691298357,0.6774123742
4.313780625,0.07180029988,-0.4647156501,0.1500801918,0.4935990098
4.323768625,-0.02851745546,-0.1284802848,0.1984442666,0.2381187851
4.333755625,-0.8393110889,-0.1674756584,0.2553034687,0.8931243258
4.343742625,-1.152561049,-0.8103553846,0.1249728325,1.414457858
4.353730625,-1.321785318,-2.101504216,-0.4473932737,2.522617121
4.363717625,-0.9755868816,-0.8305589765,-0.6635622051,1.442883494
4.373704625,-0.7900430346,0.9709225577,-0.3522324702,1.300356229
4.383691625,-0.06553617775,0.5434182957,1.079318534,1.210176405
4.393679625,2.647947861,1.571880671,0.111277484,3.081366482
4.403666625,2.085924017,-0.2287869304,0.9234946221,2.292654528
4.413653625,0.5751882648,0.4973866752,-0.115583666,0.7691518891
4.423640625,-0.2970771468,0.3134186527,0.06615393609,0.4368780451
4.431767792,-0.01197515247,-0.008680557087,0.01858888328,0.02375506114
4.441754791,0.0007966100425,-0.01017130472,0.03310927391,0.03464554872
4.451742792,-0.005700212996,-0.007101041414,0.04073930562,0.0417445594
4.461730791,-0.005330193881,-0.01624654351,0.04912070453,0.05201158291
4.471717792,0.00453743021,-0.00229844911,0.02996347189,0.03039211722
4.481705791,-0.01018204898,0.009264109209,0.02981553733,0.03283997727
4.491692791,0.01662764492,0.005893847197,0.02173410058,0.0279926265
4.501680791,0.02108776398,0.01390051268,0.02906709373,0.03850732372
4.511668792,0.02794875892,0.01995603539,0.03505464256,0.04907345961
4.521655791,0.0189134677,0.01641519913,0.03715379298,0.04480605267
4.531643792,0.03255581668,0.01051523063,0.034906708,0.04887667683
4.541630792,0.01602994071,0.002443587966,0.03834837914,0.04163566144
4.551618792,-0.0002363371477,-0.005028221738,0.03281165063,0.03319553112
4.561606791,0.002509862501,-0.02033343662,0.02847535551,0.0350798222
4.571593791,0.008068673378,0.004264136832,0.0307230252,0.03204981483
4.581581791,0.01164739776,-0.007449517194,0.03461610138,0.0372750809
4.591569792,0.0028228804,-0.004286082163,0.03716139436,0.03751410914
4.601556791,0.004976857603,-0.008641600013,0.01980042636,0.0221698725
4.611544792,0.01626117982,0.00275517147,0.02578622103,0.03060957585
4.621531792,0.016401513,-0.001530801058,0.02908112705,0.03342252131
4.631519792,0.005573766958,0.002251305934,0.03476988316,0.03528569159
4.641507791,0.02083238684,0.003413513135,0.03716548741,0.04274241298
4.651494791,0.02240617407,0.003565138746,0.03297478795,0.04002603516
4.661482791,0.03220307426,0.004749547094,0.02519038975,0.04116007683
4.671469791,0.0113688693,0.00677469369,0.03357295811,0.03608727172
4.681457791,0.0142843093,-0.00244598167,0.04030661166,0.04283278256
4.691445792,-0.007352828002,-0.01306779608,0.05003871739,0.05223700424
4.701432792,0.005759160239,-0.002077442631,0.03117559969,0.03177108293
4.711420791,0.007295954693,-0.01139342761,0.05003579378,0.05183263264
4.721407792,-0.003395478129,0.007719019018,0.03476462066,0.03577277423
4.731395791,0.007919158246,-0.005225218087,0.04554279327,0.0465205545
4.741383791,0.02242924316,-0.006091592722,0.02668259919,0.03538558393
4.751370791,0.0125256861,-0.003658127747,0.03386473417,0.03629180254
4.761358791,0.0281446041,-0.01055915784,0.04419208646,0.05344674976
4.771346792,0.01260876224,-0.001088751554,0.03176733792,0.03419546788
4.781333792,0.0234399892,0.01089014679,0.0283233279,0.03834369954
4.791321791,0.04501182955,0.008554184139,0.01964021266,0.04984954181
4.801308792,0.03078165268,0.005120077841,0.03595628321,0.0476086089
4.811296791,0.02687325496,0.004464038517,0.0350610745,0.0444002074
4.821284791,0.02088333984,0.01765490022,0.02578154325,0.03758320578
4.831271791,-0.0007002497558,0.007235563919,0.02682994902,0.02779730022
4.841259792,0.0003257812746,0.01496956643,0.05736060083,0.05928264991
4.851246791,0.005873062173,0.004902323876,0.03759935081,0.03836973834
4.861234792,-0.002161112633,-0.007754431218,0.04403655052,0.04476627518
4.871222791,0.002673621085,0.004580379836,0.0465818435,0.04688279293
4.881209792,0.0007018668763,-0.009073288981,0.03415475607,0.03534635133
4.891197791,0.0159235488,-0.01184463166,0.02187911153,0.02953896116
4.901184791,0.01593870588,-0.004958932232,0.05197005272,0.05458497718
4.911172791,0.001591959279,0.005388647765,0.03295958519,0.03343510304
4.921160792,0.01372917099,0.006409260985,0.03191234887,0.03532657318
4.931147791,0.02493646528,-0.005154009964,0.03789755881,0.04565759611
4.941135792,-0.001373986043,0.0157014551,0.03879510641,0.04187462013
4.951123791,0.007863289928,0.01044899264,0.0441850698,0.04607963942
4.961110792,0.007121543214,-0.002180974893,0.04089367211,0.04156639806
4.971098791,-0.005755597092,0.00602835143,0.03774845481,0.03865764814
4.981085791,0.005384262353,-0.008744931277,0.03191176414,0.03352349616
4.991073791,0.001795414975,-0.0001519545168,0.04822666526,0.04826031338
5.001061792,-0.01631552238,-0.01757932495,0.03834896386,0.0452313162
5.011048791,0.006591465706,-0.01041449407,0.05122219384,0.05268417455
5.021036792,0.007967964225,-0.001683413386,0.04149710476,0.04228867506
5.031023792,0.01033160065,0.00426985614,0.03281866729,0.03467042784
5.041011791,0.005186900552,-0.001959548146,0.02533423126,0.0259338975
5.050999791,0.02410532925,0.001261902228,0.03057567537,0.03895550308
5.060986791,0.01290707988,-0.01507183788,0.03656380892,0.04160126357
5.070974791,0.01106602921,-0.01863816435,0.04150236726,0.04682183957
5.080962792,0.02329224651,-0.007048379928,0.02413847566,0.03427644109
5.090949791,0.01436904824,0.000287646465,0.01994602203,0.02458446833
5.100937792,0.004138193289,0.01338617697,0.02383909822,0.02765170847
5.110924792,0.00755124961,0.01529209519,0.0377589798,0.04143199369
5.120912791,-0.001677483944,0.004868885111,0.03236960113,0.03277668488
5.130900791,-0.01521175079,0.002202061415,0.03521076322,0.03841932174
5.140887791,-0.01744467454,-0.002496432178,0.02817363918,0.03323105156
5.150875791,0.004514690023,-0.0156734981,0.04299223781,0.04598231704
5.160862791,-0.01238001734,-0.01236117834,0.02278426051,0.0287260524
5.170851292,0.01129643692,-0.01681682976,0.04134800076,0.04604424413
5.180839291,0.01233353198,-0.01492238671,0.02757429957,0.03369177397
5.190826291,0.03527963245,-0.008140091635,0.03281457424,0.04886419794
5.200814291,0.02867392329,-0.002054967396,0.0437430203,0.05234375409
5.210802292,0.01580936364,-0.002610873152,0.0443423599,0.04714867462
5.220789291,0.01231060906,0.007467150204,0.0187438345,0.02363558248
5.230777292,0.01278943207,0.01366019212,0.02128795803,0.02834338685
5.240764291,0.01958227954,0.00249071287,0.03087095976,0.03664267292
5.250752292,0.00479654409,0.0003342049196,0.03985052884,0.04013954629
5.260740291,-0.001668612622,0.003435897008,0.02293277979,0.02324869986
5.270727291,-0.002608113997,0.006993745007,0.03774903953,0.03847992611
5.280715291,0.003547907732,-0.01236843254,0.0287653774,0.03151210418
5.290702291,0.004422559831,-0.01947820824,0.03550078511,0.04073408125
5.300690291,-0.001880574189,-0.01382137427,0.03490378439,0.03758777875
5.310678292,0.01439683165,-0.03074787587,0.0404434365,0.05280503942
5.320665292,0.006648284197,-0.0003416966647,0.02936471701,0.03010984962
5.330653292,-0.004488377552,0.008135450408,0.03535109639,0.03655175923
5.340640292,0.005968143381,0.001088459194,0.03400389791,0.03454082442
5.350628291,0.01176977816,0.003659479916,0.03041195333,0.03281472804
5.360616291,0.01297458781,0.01130255822,0.04971828997,0.05261174877
5.370603291,0.008014303409,-0.00263164904,0.04582345963,0.04659339103
5.380591291,0.02244287448,0.0001920627616,0.03055287123,0.03791038701
5.390579292,0.004635197483,0.01414920207,0.04866286755,0.0508896812
5.400566292,0.002756724637,-0.004598871656,0.03608901501,0.03648514979
5.410554291,-0.003506849315,0.007578448299,0.04057909191,0.04142938053
5.420541292,-0.0006882903725,-0.01245546469,0.04880904794,0.05037792676
5.430529291,-0.002910332819,-0.008609166238,0.03324083626,0.03446071642
5.440517291,-0.002257171422,-0.01498840543,0.03728009284,0.04024366337
5.450504291,-0.009664542982,-0.009501579255,0.03757596195,0.0399454167
5.460492291,-0.0003288876079,-0.008980190344,0.02709541261,0.02854668755
5.470479291,0.0257569484,0.001879879832,0.0330847156,0.04197085591
5.480467292,0.02546272382,-0.01423484551,0.01736623049,0.03394947853
5.490455291,0.01566176713,-0.009061046373,0.02679369628,0.03233103264
5.500442292,0.01633110886,0.0104152067,0.04041595459,0.04481775354
5.510430291,0.02205550558,0.002630771957,0.04430552244,0.04956153353
5.520418291,0.01579919497,0.009031024575,0.04010839105,0.04404380772
5.530405291,-0.005184269305,0.01936210446,0.04384710073,0.04821136775
5.540393292,-0.01168203338,0.01108496871,0.03441671133,0.03799811119
5.550380291,-0.01009961237,-0.00595387252,0.04145091176,0.04307701073
5.560368292,0.003461241033,-0.00617509827,0.04638830066,0.04692532862
5.570356291,0.001915584393,-0.02160714291,0.04399152696,0.04904887902
5.580343292,0.01683607075,-0.017798157,0.03515989244,0.04285377122
5.590331291,0.02044824304,-0.01158958342,0.03785253525,0.04455629599
5.600318291,0.0149147031,-0.007523447927,0.04085040271,0.04413395562
5.610306291,0.01591420239,-0.003462574929,0.04190290153,0.04495669493
5.620294292,0.01683901263,0.003605758622,0.0416064477,0.0450294385
5.630281291,0.01176911121,0.01555593252,0.02514127314,0.03182110354
5.640269292,0.001175454799,0.02981400244,0.05193496943,0.05989572176
5.650257291,0.01460698424,0.006607170962,0.03591827631,0.0393337167
5.660244292,0.01585958574,0.002300915904,0.0302295202,0.03421468348
5.670232291,0.01206251353,-0.000216474887,0.03337181389,0.0354856176
5.680219291,0.01262682466,-0.0005128008127,0.04310099602,0.04491542634
5.690207291,-0.005733103584,-0.01771435909,0.03426994622,0.03900123342
5.700195292,0.01543237355,-0.01712903453,0.05029073238,0.05532377193
5.710182291,0.01031618776,-0.006839707419,0.04026217282,0.04212182199
5.720170292,0.0003644733969,-0.006031256765,0.04415700316,0.04456848469
5.730158291,5.407760851e-05,-0.002919167597,0.04684672236,0.04693761669
5.740145292,0.004152436741,0.004015356079,0.04534808099,0.04571448638
5.750133291,0.01400661224,0.003119690549,0.03681523919,0.0395130294
5.760120291,0.01046849859,0.009097810742,0.03681582391,0.03934163842
5.770108291,0.007635330744,0.00135962382,0.03741048574,0.03820590656
5.780096292,0.01452734333,-0.01250010453,0.03890971184,0.04337351718
5.790083291,0.009447675236,0.01043669522,0.04519429922,0.04733611577
5.800071292,-0.02034361443,0.001480990089,-0.003629951477,0.02071792768
5.810058292,-0.003226941274,-0.009081401993,0.02910510063,0.03065928725
5.820046291,0.02744683027,-0.02712537959,0.1077010345,0.1144055399
5.830034291,-0.03313510216,0.001000714414,-0.03468217492,0.04797697033
5.840021291,0.01763131949,-0.008470130414,0.09030205965,0.09239625811
5.850009291,-0.004374210667,-0.006994147003,0.008707088828,0.01199438231
5.859997292,0.01155363218,-0.0006259809807,0.04971010387,0.05103893313
5.869984291,0.03090489188,0.003291616961,0.05915978909,0.06682684886
5.879972292,0.02258611299,0.01037288748,0.05021121025,0.05602584162
5.889959292,0.01952504078,0.005421794169,0.03827061117,0.04330430404
5.899947291,0.008660630872,0.002079123706,0.02197909892,0.02371518652
5.909935291,-0.001368440324,0.01450785566,0.009701115489,0.01750606028
5.919922291,0.004028512314,0.01025692988,0.06060171247,0.06159546311
5.929910291,-0.009124187166,0.007066140845,0.01823921978,0.02158356496
5.939897291,0.002571998304,-0.003037555441,0.045933972,0.04610609181
5.949885292,-0.002471554102,-0.01666041674,0.05341665387,0.05600907941
5.959873292,0.0125692844,0.0002168951556,0.05236883283,0.05385655583
5.969860292,0.007498652078,0.005517980866,0.04159182966,0.04262110029
5.979848291,-0.003694005897,-0.005384481624,0.03680296004,0.03737774993
5.989836291,-0.00624398578,-0.004496399201,0.03545926988,0.03628449786
5.999823291,0.00775788473,0.007300029472,0.04354070663,0.04482486297
6.009811291,0.01043053737,0.004999040477,0.04084397078,0.04245016448
6.019798291,-0.001787402462,0.01960247984,0.03800222397,0.0427974421
6.029786292,0.01093900759,0.003597645611,0.0499767369,0.0512862474
6.039774291,-0.003065494169,0.02030365236,0.03306249619,0.03891997184
6.049761292,0.009833088974,0.01828864703,0.0261733067,0.03340967274
6.059749291,0.006364813009,0.00852014238,0.04069369733,0.04206044072
6.069736292,0.01304669129,0.0009386242926,0.0387459898,0.04089436263
6.079724291,0.006576016266,-0.006921970434,0.03590307355,0.03715088633
6.089712291,0.01066243429,0.002496687993,0.04488030374,0.04619699795
6.099699291,-0.007008289956,-0.01643403813,0.03604983866,0.0402341224
6.109687292,-0.01997972575,0.0004562655464,0.0311106956,0.0369766548
6.119675291,-0.002378674736,-0.00391299326,0.03230995953,0.032632853
6.129662292,0.01008659318,-0.002599854805,0.03650241315,0.03795951492
6.139650291,0.0005113572814,0.01325613124,0.03860039413,0.04081638064
6.149637292,-0.0005892531574,0.007104001567,0.03021899521,0.03104837724
6.159625291,0.003835755195,0.00586419085,0.02917117417,0.03000098589
6.169613083,0.00886545701,-0.005547984391,0.04773257554,0.04886486699
6.179600083,0.02540439785,0.0005688975379,0.04159475327,0.04874249248
6.189588083,0.01556339686,-0.007553250454,0.02781988263,0.03275998754
6.199575083,0.02651483892,-0.01837734198,0.03560486555,0.04804653819
6.209563083,0.02321808737,-0.002062934227,0.03799988508,0.04457944083
6.219551083,0.004845039435,0.009091725983,0.03934942245,0.04067567991
6.229538083,0.02182347162,0.007849704288,0.04129362166,0.04736079561
6.239526083,-0.01207312988,0.01696796201,0.03231054425,0.03844012838
6.249514083,-0.004402094577,0.001458112858,0.02886653423,0.02923664359
6.259501083,0.003321474306,-0.004790221788,0.03096100688,0.03150495776
6.269489083,-0.003956326609,-0.003508384209,0.02661652565,0.02713670425
6.279476083,0.01019653911,0.004044299796,0.04023586035,0.04170431906
6.289464083,0.02043135921,0.003402969874,0.03679301977,0.04222258811
6.299452083,0.01630949244,-0.004597629122,0.03888573825,0.0424174301
6.309439083,0.01388072351,0.00843877472,0.03978328586,0.04297205182
6.319427083,0.003493455537,-0.006502286531,0.04966449559,0.05021001975
6.329415083,-0.001378243547,0.01043552577,0.03664216161,0.03812410997
6.339402083,0.02843246983,0.006289539244,0.02915714085,0.04120803935
6.349390083,0.01000618483,-0.007538029421,0.04861725926,0.05020541326
6.359377083,0.00707922399,-0.010002777,0.04996211886,0.05144301975
6.369365083,-0.0002641479671,-0.001957812253,0.02151833832,0.02160883354
6.379353083,0.0001814464107,0.009930984154,0.03618666351,0.03752508474
6.389340083,-0.007113411929,0.02302458107,0.03783557832,0.04485825398
6.399328083,-0.0006006004103,0.008975256756,0.03484004974,0.03598256551
6.409315083,-0.004740940724,0.01846899709,0.04247183561,0.04655574285
6.419303083,-0.003723296793,0.01277605657,0.04246657312,0.04450281331
6.429291083,0.007432194818,0.009809362069,0.04411139488,0.04579602889
6.439278083,0.005240183305,0.00976126872,0.04066504598,0.04214721643
6.449266083,0.0223348289,-0.009206715133,0.02808768511,0.03704762125
6.459254083,0.01734582919,0.0009458784945,0.03737306356,0.04121308477
6.469241083,0.0276732637,0.002945754156,0.03977042198,0.04854043115
6.479229083,0.03210289501,-0.002997063473,0.04755248129,0.05745273479
6.489216083,-0.003018981395,0.0008850309066,0.043363536,0.04347750893
6.499204083,-0.01792107644,-0.009176949151,0.03887287438,0.04377763971
6.509192083,0.005078736199,-0.01446005467,0.02689777672,0.03095766682
6.519179083,-0.01276443522,-0.005018500742,0.04874823689,0.05064095928
6.529167083,-0.01623987403,0.01076158114,0.03796714067,0.04267374964
6.539155083,-0.00221862548,0.01209156688,0.04006278276,0.0419065013
6.549142083,0.006638672836,0.004339346644,0.03931200027,0.04010405555
6.559130083,0.008573059682,0.0210436175,0.04529779494,0.05067762244
6.569117083,0.01280341971,0.01748240735,0.03826184034,0.04397192911
6.579105083,0.01052818587,0.008884350825,0.03032833815,0.03331039601
6.589093083,0.01413877758,0.003208074868,0.02853148878,0.03200379083
6.599080083,0.009522099327,0.01954939809,0.02808417678,0.03551859128
6.609068083,-0.001544989692,0.00689591378,0.02673873246,0.02765683339
6.619055083,0.006985695949,0.004783753306,0.04275951862,0.04358968544
6.629043083,-0.0007649893966,0.008822315522,0.05159115314,0.05234563537
6.639031083,-0.01135085257,-0.008984612301,0.05039247394,0.05243058784
6.649018083,-0.008762591695,-0.01111139081,0.03931784749,0.04178682987
6.659006083,-0.01069837639,-0.01347330049,0.03916757405,0.04277948036
6.668994083,0.003340276759,-0.006670083348,0.03452546954,0.03532216737
6.678981083,0.008791508004,0.002226491813,0.02404492021,0.025698367
6.688969083,0.01343551286,0.009462786634,0.04724550247,0.05002194359
6.698956083,0.01807335986,-0.004419855494,0.04155674636,0.04553179798
6.708944083,0.019074056,0.01394120565,0.04245546341,0.04858645079
6.718932083,0.003481121566,0.01437501423,0.02972841382,0.03320448508
6.728919083,0.02043204443,0.0158435059,0.03286953807,0.04181975193
6.738907083,0.02360056836,0.001153271925,0.02972490549,0.03797218547
6.748895083,-0.01627618158,0.001905863397,0.03870564401,0.04203181272
6.758882083,0.007357496638,0.004414392002,0.04125093699,0.04213382745
6.768870083,-0.001217536479,0.009348437022,0.04319630563,0.04421308053
6.778857083,-0.001296821069,-0.009019987956,0.02837536812,0.02980274221
6.788845083,-0.02074172758,-0.001056829412,0.02373618722,0.03153954241
6.798833083,-0.010114806,-0.006234447509,0.0508280915,0.05219839578
6.808820083,-0.01678816927,0.009782830328,0.02298482001,0.03009731462
6.818808083,-0.01329253016,0.01011816815,0.02837536812,0.032927651
6.828796083,-0.01405550958,0.008342240844,0.02298598945,0.02820471668
6.838783083,0.001245018393,0.009821531586,0.03331334174,0.0347532918
6.848771083,0.02019420893,-0.006429561786,0.05202209294,0.05617333436
6.858758083,0.009765060274,0.006532874778,0.03465820134,0.0365954338
6.868746083,0.009801230785,-0.009539403431,0.04124625921,0.04345478388
6.878734083,0.02621792827,0.002395311892,0.03330983341,0.04245777059
6.888721083,0.01720426261,0.002996222936,0.05037551701,0.05331657076
6.898709083,0.008115670374,-0.0009371259436,0.0390009284,0.03984739297
6.908696083,0.006860912712,-0.008334968369,0.03511136055,0.03673351958
6.918684083,0.01634623853,-0.000899155587,0.03556218088,0.03914941511
6.928672083,-0.007941989796,0.001878582481,0.04693618476,0.04764042101
6.938659083,0.004998583663,-0.006824431568,0.04139887154,0.04225429291
6.948647083,-0.0006543582492,-0.02076708075,0.04214848459,0.04699143093
6.958635083,-0.01189258796,-0.0246972502,0.0442447114,0.05204788471
6.968622083,-0.002623901479,0.001416451447,0.0442447114,0.04434507504
6.978610083,0.01059231338,-0.01209922308,0.03721051097,0.04053653202
6.988597083,0.001449753167,0.009155424088,0.02523716748,0.02688565039
6.998585083,0.001201931722,0.01050554618,0.03062654614,0.03240056279
7.008573083,-0.01096758585,0.00827812247,0.03497336626,0.03757594442
7.018560083,-0.006547693815,0.02414287934,0.02509624958,0.03543406073
7.028548083,0.01915800009,0.0163677636,0.03647551596,0.04433278603
7.038535083,0.007145818295,0.01634848606,0.02899283409,0.03404291621
7.048523083,0.00355340777,0.01850771662,0.05114501059,0.05450664537
7.058511083,-0.01053683792,0.001779051907,0.02779240072,0.02977595535
7.068498083,-0.01588727779,-0.01724378614,0.043959952,0.04982199449
7.078486083,-0.01114941599,-0.01667779393,0.04411081016,0.04845845499
7.088474083,-0.004834770262,-0.002803082094,0.03542886436,0.03586693049
7.098461083,-0.002064752346,-0.004499633443,0.04531007409,0.04557974021
7.108449083,-0.0005123257264,0.002324706763,0.04007096887,0.04014161538
7.118436083,-0.01262421168,0.008205964174,0.03618023157,0.03918823453
7.128424083,-0.01004775488,0.009037182424,0.04142109096,0.04356988433
7.138412083,-0.001893584244,0.001721657831,0.04771152556,0.04778011551
7.148399083,-0.00130991335,0.01517794657,0.02720592499,0.03118089623
7.158387083,-0.008353624642,0.004534808099,0.03574052095,0.03698286586
7.168375167,0.00964807028,-0.008867850713,0.04502356052,0.04689184405
7.178362167,-0.005281132087,-0.00537169084,0.03933480442,0.04004962243
7.188350167,-0.007162537677,-0.008220838029,0.04188009739,0.04327616759
7.198337167,-0.004023889359,0.001001317408,0.05834878027,0.0584959356
7.208325166,-0.006022175308,-0.009981544297,0.04038554907,0.04203439539
7.218313166,0.0007115787361,0.005178586543,0.03738943577,0.03775306623
7.228300166,-0.0007787029445,-0.001631665528,0.06029005587,0.06031715799
7.238288166,-0.00409157088,0.001456651054,0.03933305025,0.03957210667
7.248275166,0.009008129071,0.002020651549,0.03468919158,0.03589664935
7.258263167,0.02552424749,0.004441325739,0.05339735806,0.0593505723
7.268251166,0.01598022111,-0.001007913798,0.0454621017,0.04819944033
7.278238167,0.01231182419,0.01515364408,0.04037210047,0.04484551751
7.288226166,0.007598986644,-0.0004135808721,0.03692692101,0.03770295933
7.298214166,0.004884727411,0.02427500814,0.0397710067,0.04684943496
7.308201166,0.0218462118,0.006519828178,0.03827353477,0.04454917052
7.318189166,0.006802212149,-0.002072362863,0.04500835776,0.04556662207
7.328176166,-0.002662200741,0.009335500058,0.02943956137,0.03099881687
7.338164167,0.01517247395,-0.01101781709,0.03632875085,0.04088244608
7.348152166,-0.005997397732,-0.006920874082,0.03378521204,0.0350043973
7.358139167,0.00279431127,-0.01252203159,0.02989622891,0.03253296718
7.368127166,-0.001278210478,-0.01428591728,0.04651343107,0.04867463944
7.378115166,0.003512248853,-0.01105763298,0.04232214689,0.04388361034
7.388102166,-0.005082235392,-0.01347202141,0.032140975,0.03521884086
7.398090167,0.002950870469,0.004277402703,0.03738066494,0.03774013675
7.408077166,0.0004262985662,0.003774231523,0.04800856411,0.04815857953
7.418065167,0.001665131701,0.0007490648702,0.03318704188,0.03323723079
7.428053166,-0.002572263256,0.009160375949,0.03752684534,0.03871424992
7.438040167,0.002327118739,0.02264926292,0.05294419885,0.05763239353
7.448028166,0.02434937742,0.01617003635,0.03752392173,0.04756476593
7.458016166,0.006663194597,0.01524597527,0.03872143149,0.04214483576
7.468003166,-0.004429165358,0.006417300906,0.03797298789,0.03876528171
7.477991167,0.0105633788,0.0003641718999,0.05054859459,0.05164182422
7.487978166,-0.005738667576,-0.002390816845,0.03393490076,0.03449964928
7.497966167,-0.01742331393,-0.00373183921,0.02854552209,0.03365033913
7.507954166,-0.02029080676,-0.02093412839,0.03438279748,0.04507916739
7.517941167,-0.007441002186,-0.009030311946,0.03917108238,0.04088139848
7.527929166,-0.01280320957,-0.002107153796,0.04545742393,0.04727303314
7.537916166,0.005852432465,-0.00702007575,0.03512948692,0.03629894324
7.547904166,0.01363260057,0.005259826295,0.02225274861,0.02662138974
7.557892167,0.009407000542,0.005424754322,0.03722103596,0.03877273702
7.567879166,0.02099104738,0.004624124318,0.0252459383,0.0331566584
7.577867167,0.02178772138,-0.002606469467,0.03497395098,0.04128771891
7.587855166,0.02714982826,0.005269693471,0.04904761434,0.05630764882
7.597842167,0.009843997685,0.009720557481,0.03437928915,0.03705845451
7.607830166,0.027162683,-0.004332092442,0.03213512778,0.04229946584
7.617817166,0.00992930308,0.0005490535498,0.05204489708,0.05298644951
7.627805166,-0.001587244961,-0.001898444742,0.04321092367,0.04328172089
7.637793167,-0.002915613586,-0.01138242753,0.02914135337,0.03142099513
7.647780166,-0.01945777953,-0.007483284865,0.03976866782,0.04490157766
7.657768167,-0.01983582029,-0.004010934122,0.03782212973,0.04289593053
7.667756166,-0.01840636793,-0.01142763382,0.04530422688,0.05021810597
7.677743166,-0.01057905665,-0.00625896927,0.05024278522,0.05172454545
7.687731166,-0.0005626665987,-0.01378493881,0.01985363603,0.02417660016
7.697718166,0.00966545661,-0.01084219962,0.03062771559,0.0338973643
7.707706166,-0.002650734717,0.003700775877,0.04290160596,0.0431424377
7.717694167,0.007742517516,0.009396439008,0.03736663163,0.03930018833
7.727681166,0.01730075995,0.00862738397,0.02359760821,0.03050565787
7.737669167,0.003676363751,0.01357730784,0.02794150472,0.03128236922
7.747657166,0.01787846485,0.01323583044,0.03736897051,0.04348869589
7.757644166,0.02028738979,0.009661043789,0.02030445635,0.03028506067
7.767632166,-0.01142179574,0.01376021605,0.03722337484,0.04129625405
7.777619166,-0.01060845718,0.007844386976,0.0414140743,0.04346492058
7.787607166,-0.003682640372,-0.006227065399,0.0354271102,0.03615824001
7.797595167,-0.0118740596,-0.01507070499,0.04411314905,0.04810498268
7.807582167,-0.01158064814,-0.005392813906,0.03153988123,0.03402878137
7.817570167,-0.009985911436,-0.01181554176,0.03558264613,0.03880013093
7.827557167,-0.01781549765,-0.01314600259,0.04845470667,0.05327352005
7.837545166,-0.01756750261,-0.02036957972,0.03887521327,0.04727387368
7.847533166,0.003518178295,-0.007031313367,0.03468626797,0.03556619367
7.857520166,0.02316644914,-0.002953775804,0.03873078704,0.04522701651
7.867508166,0.006505758315,0.003172077946,0.0430735141,0.04367739217
7.877496167,0.0123297861,0.01227306811,0.04157545745,0.04506850884
7.887483167,0.02813904924,0.01372918926,0.04217128873,0.0525234645
7.897471166,0.02471277273,0.0128777433,0.0406738168,0.04930432823
7.907458167,0.01302410642,0.01949759541,0.05220394135,0.05722792209
7.917446166,-0.007167544356,0.001587628685,0.04636666596,0.04694424319
7.927434166,-0.01812895409,0.01333369821,0.04127198696,0.04700875867
7.937421166,0.001645205487,0.009308913499,0.04067615569,0.04176017496
7.947409166,0.006248517372,-0.01339425344,0.03798351288,0.04075778754
7.957397167,-0.003636328597,-0.01089796744,0.03903250337,0.040688142
7.967384167,-0.005095181493,-0.007512319945,0.03424538791,0.0354279892
7.977372166,0.003404267225,-0.01009821452,0.04397924781,0.04525193045
7.987359167,0.001735161245,-0.001590259932,0.03724150121,0.0373158026
7.997347166,0.003779494017,-0.01380913166,0.04277647555,0.04510879684
8.007335166,0.01485276829,-0.00208274167,0.03454535007,0.03766063928
8.017322166,0.0216370368,0.00341068089,0.03739118993,0.04333468807
8.027310167,0.02397235991,0.00959882576,0.03649130344,0.04470376632
8.037298167,-0.0008215977531,0.00159411544,0.04426868498,0.0443049963
8.047285167,0.02046715513,0.007924183197,0.03273914516,0.0394150827
8.057273166,0.02353518918,0.01026127875,0.03872552454,0.04646359029
8.067260167,-0.004707218735,0.007361205965,0.02465653896,0.02615894063
8.077248166,-0.002009304296,-0.01334800562,0.03274089932,0.03541430567
8.087236166,-0.005862710774,0.001289201416,0.03333556116,0.03387171468
8.097223166,0.009150271229,0.004948425516,0.0277947396,0.02967763347
8.107211167,0.0003139497992,-0.001296364255,0.04830209434,0.04832050747
8.117198166,-0.02353992177,-0.001778924,0.04500601888,0.05082159209
8.127186167,-0.005927249417,0.002844816595,0.04575212359,0.04622209515
8.137174166,0.007674689814,-0.009214115515,0.04770158529,0.04918579091
8.147161167,0.002701468449,0.004138184153,0.02524710774,0.02572623076
8.157149166,0.02318936292,0.02170645421,0.03303092122,0.04582530375
8.167137166,0.01140339528,0.01524219286,0.03677430868,0.04140907686
8.177124583,0.02474110432,0.01545903319,0.02165808678,0.03633423555
8.187112583,0.01979985078,0.01784486163,0.03258887172,0.04210116076
8.197099583,0.004028530587,0.00941379793,0.02840168059,0.03019112635
8.207087583,-0.008621618981,-0.0007235563919,0.0349879843,0.03604184919
8.217075583,0.006134313941,-0.01861106616,0.02570786834,0.03232485244
8.227062583,-0.001794866798,-0.00762634065,0.0378349936,0.03863766762
8.237050583,-0.006091492223,0.001744407155,0.02840635836,0.02910447438
8.247038583,0.004241853459,-0.008997750264,0.0454702878,0.04654567545
8.257025583,-0.009620643184,-0.003106735311,0.04157604218,0.04278756668
8.267013583,0.009517686507,-0.009905037135,0.03514059663,0.03773006293
8.277000583,0.01707563301,0.01050298803,0.0340904367,0.03954804514
8.286988583,-0.005666765096,-0.001248343997,0.03828055143,0.03871784094
8.296976583,0.0101888555,-0.004493713137,0.02825199187,0.0303674378
8.306963583,0.02202289822,-0.006150777508,0.04396638393,0.04955686659
8.316951583,0.008119023386,-0.005329590887,0.03782914639,0.03905595212
8.326939583,0.0088524835,0.01786375545,0.03692750573,0.04196571103
8.336926583,0.005672895536,0.008906515427,0.03153754234,0.03325844762
8.346914583,-0.007109236652,0.01171131514,0.04321033895,0.04533022767
8.356901583,0.008753035152,0.03035768386,0.04575329304,0.05560187423
8.366889583,-0.0002450074721,0.01345577711,0.05922469318,0.06073452271
8.376877583,0.01316504259,0.006240879446,0.05698111653,0.05881423777
8.386864583,-0.01145364479,-0.009383812677,0.04874706745,0.0509462315
8.396852583,-0.01111410429,0.00731808275,0.06072099566,0.06216202188
8.406839583,-0.005200202968,0.005723839402,0.04365414262,0.04433383151
8.416827583,0.00331580068,0.01915332232,0.023144449,0.03022432479
8.426815583,0.009812495811,0.009932811409,0.04619885087,0.04826261118
8.436802583,0.01231798204,0.004881511442,0.04335710406,0.04533652289
8.446790583,-0.0002502608299,0.009419206604,0.04634970903,0.04729777596
8.456778583,0.008941955036,0.01316153426,0.03602001786,0.0393779917
8.466765583,0.004699452901,-0.002342723496,0.0469508028,0.04724352966
8.476753583,0.01422531637,-0.01111296225,0.04874472857,0.05197986263
8.486740583,0.01458083622,-0.009297438338,0.03422199905,0.0383430354
8.496728583,0.01291383158,-0.02774544027,0.0271872139,0.04093557257
8.506716583,0.006345087793,-0.01040332954,0.0364684993,0.03845049865
8.516703583,-0.01392335337,0.002950029932,0.01686103106,0.02206483206
8.526691583,-0.02224538477,0.001912514605,0.03363201499,0.04036864239
8.536679583,-0.0087900462,0.009256252013,0.04934874594,0.05097295204
8.546666583,-0.002449453454,0.01829590123,0.03917108238,0.04330258097
8.556654583,0.004323970294,0.01373536538,0.03827470422,0.04089388664
8.566641583,0.009585578162,0.007731700167,0.04950018883,0.0510091285
8.576629583,0.01019770855,0.005088539422,0.02060909629,0.02355040006
8.586617583,0.01076344494,-0.003749600127,0.04664850175,0.04802076597
8.596604583,0.03047131171,-0.0007123005018,0.03242807329,0.04450379923
8.606592583,0.02198217784,-0.005699427277,0.03123407185,0.03861692451
8.616580583,0.005873354534,-0.01765753146,0.03647843957,0.04095071751
8.626567583,0.00581411493,-0.007767623998,0.0533956039,0.05426997725
8.636555583,-0.009522949001,-0.0008983698674,0.03648019373,0.03771336846
8.646542583,-0.007716771495,-0.004224211313,0.03708011806,0.03810941719
8.656530583,-0.0175808233,0.008334877007,0.03408342004,0.03924582837
8.666518583,-0.01373653483,0.0169673042,0.0502503866,0.05478761862
8.676505583,-0.005235669985,-0.001238769181,0.04306357384,0.04339836611
8.686493583,0.004493219778,0.01578185432,0.03558030725,0.03918180972
8.696480583,-0.009888061937,0.01207154017,0.04680930018,0.04934173117
8.706468583,-0.009976683799,0.003691146243,0.03333614588,0.03499224774
8.716456583,-0.006324284496,0.005946015324,0.02809762537,0.02940796192
8.726443583,0.02000370847,-0.002594354767,0.03887521327,0.04379681764
8.736431583,0.008733510934,-0.002978388928,0.04890260339,0.04976554664
8.746419583,0.004513237355,-0.01293793308,0.03962307215,0.04192549666
8.756406583,0.009201781545,-0.001164838448,0.04560418904,0.04653785223
8.766394583,0.008401096724,0.001446710788,0.0304815352,0.03165115142
8.776381583,0.009968296699,-0.008565257303,0.03362558305,0.03610277562
8.786369583,0.003738307692,0.008876383994,0.04186080158,0.04295453231
8.796357583,0.003333954457,0.008413814418,0.04830150962,0.04914207318
8.806344583,-0.01633835393,0.007775152288,0.03782505333,0.0419300544
8.816332583,0.0008385181334,0.0009044546261,0.03438162804,0.03440374249
8.826320583,9.574815631e-06,-0.002083362937,0.03093761802,0.03100768778
8.836307583,-0.01118296439,-0.00247945698,0.03811858356,0.03980242219
8.846295583,0.005864382712,-0.0004366591014,0.00982858479,0.01145350316
8.856282583,0.02265036841,0.003251399081,0.02689426839,0.03531164762
8.866270583,0.0006837405078,-0.001959401965,0.03961605549,0.03967037446
8.876258583,0.006433298523,0.006592004746,0.01041856885,0.01390641698
8.886245583,-0.002108213603,0.004000189863,0.0479863447,0.04819891452
8.896233583,0.01435270345,-0.005955644958,0.04948147774,0.05186411517
8.906221583,0.001900144089,0.009143857565,0.05562222362,0.05640081949
8.916208583,0.01416477028,0.003605539352,0.02224865556,0.02662035509
8.926196583,-0.0008522042725,0.01105617117,0.03452313066,0.03626033264
