X[s],a: EMG RMS 1-1,X[s].1,a: EMG RMS 1-2,X[s].2,a: EMG RMS 1-3,X[s].3,a: EMG RMS 1-4
567.0149999996053,0.001141588,567.0149999996053,0.005041777,567.0149999996053,2.381331e-05,567.0149999996053,5.082812e-06
567.0299999996053,0.001145563,567.0299999996053,0.005052445,567.0299999996053,2.276447e-05,567.0299999996053,5.294573e-06
567.0449999996052,0.001134809,567.0449999996052,0.004995563,567.0449999996052,2.08309e-05,567.0449999996052,5.551726e-06
567.0599999996052,0.001050145,567.0599999996052,0.005009643,567.0599999996052,2.035618e-05,567.0599999996052,5.48022e-06
567.0749999996052,0.001030657,567.0749999996052,0.005093239,567.0749999996052,1.945893e-05,567.0749999996052,5.289249e-06
567.0899999996052,0.001040128,567.0899999996052,0.005082672,567.0899999996052,1.80748e-05,567.0899999996052,4.953686e-06
567.1049999996052,0.001007202,567.1049999996052,0.004884702,567.1049999996052,1.782366e-05,567.1049999996052,4.672725e-06
567.1199999996052,0.001389579,567.1199999996052,0.004660813,567.1199999996052,2.614949e-05,567.1199999996052,5.243778e-06
567.1349999996052,0.001429612,567.1349999996052,0.004526896,567.1349999996052,2.692974e-05,567.1349999996052,5.780451e-06
567.1499999996051,0.001627702,567.1499999996051,0.004532479,567.1499999996051,2.76075e-05,567.1499999996051,5.881913e-06
567.1649999996051,0.001636122,567.1649999996051,0.004592482,567.1649999996051,3.047007e-05,567.1649999996051,6.040241e-06
567.1799999996051,0.001611981,567.1799999996051,0.004511123,567.1799999996051,3.128802e-05,567.1799999996051,6.056544e-06
567.1949999996051,0.00163589,567.1949999996051,0.004400049,567.1949999996051,3.161052e-05,567.1949999996051,6.415707e-06
567.2099999996051,0.001660927,567.2099999996051,0.004326153,567.2099999996051,3.150473e-05,567.2099999996051,6.391509e-06
567.2249999996051,0.001644271,567.2249999996051,0.004111274,567.2249999996051,3.266598e-05,567.2249999996051,6.298262e-06
567.2399999996051,0.001641549,567.2399999996051,0.003822915,567.2399999996051,3.479827e-05,567.2399999996051,6.313899e-06
567.254999999605,0.001613989,567.254999999605,0.003700646,567.254999999605,3.55476e-05,567.254999999605,6.360578e-06
567.269999999605,0.001599818,567.269999999605,0.003508173,567.269999999605,4.147711e-05,567.269999999605,6.275856e-06
567.284999999605,0.001577731,567.284999999605,0.003277777,567.284999999605,8.523354e-05,567.284999999605,6.146583e-06
567.299999999605,0.001580069,567.299999999605,0.00300546,567.299999999605,0.0001062907,567.299999999605,5.924864e-06
567.314999999605,0.001568764,567.314999999605,0.002647356,567.314999999605,0.0001115316,567.314999999605,5.943854e-06
567.329999999605,0.001563465,567.329999999605,0.00264728,567.329999999605,0.000135761,567.329999999605,5.946224e-06
567.344999999605,0.001577569,567.344999999605,0.002431131,567.344999999605,0.0001512122,567.344999999605,5.979298e-06
567.359999999605,0.001529827,567.359999999605,0.002576669,567.359999999605,0.0001521039,567.359999999605,6.068162e-06
567.3749999996049,0.001190145,567.3749999996049,0.002758237,567.3749999996049,0.0001526236,567.3749999996049,5.035477e-06
567.3899999996049,0.001188719,567.3899999996049,0.002792353,567.3899999996049,0.0001553385,567.3899999996049,4.81818e-06
567.4049999996049,0.0009752021,567.4049999996049,0.003023122,567.4049999996049,0.0001562391,567.4049999996049,5.015856e-06
567.4199999996049,0.0009920385,567.4199999996049,0.003308465,567.4199999996049,0.0001560365,567.4199999996049,4.973552e-06
567.4349999996049,0.001116178,567.4349999996049,0.003494054,567.4349999996049,0.0001559765,567.4349999996049,4.651575e-06
567.4499999996049,0.001193284,567.4499999996049,0.003715697,567.4499999996049,0.000156058,567.4499999996049,4.75046e-06
567.4649999996049,0.001163996,567.4649999996049,0.003847408,567.4649999996049,0.0001560314,567.4649999996049,4.815255e-06
567.4799999996048,0.001165673,567.4799999996048,0.004011661,567.4799999996048,0.0001553474,567.4799999996048,4.896482e-06
567.4949999996048,0.001187162,567.4949999996048,0.004106292,567.4949999996048,0.0001548078,567.4949999996048,4.815255e-06
567.5099999996048,0.001228435,567.5099999996048,0.004150636,567.5099999996048,0.0001545766,567.5099999996048,4.815255e-06
567.5249999996048,0.001454656,567.5249999996048,0.00416817,567.5249999996048,0.0001496816,567.5249999996048,5.649817e-06
567.5399999996048,0.001790692,567.5399999996048,0.004171481,567.5399999996048,0.0001238865,567.5399999996048,6.19225e-06
567.5549999996048,0.001955058,567.5549999996048,0.004304959,567.5549999996048,0.0001117735,567.5549999996048,7.279705e-06
567.5699999996048,0.001994811,567.5699999996048,0.004472581,567.5699999996048,0.0001037185,567.5699999996048,7.95825e-06
567.5849999996047,0.002037581,567.5849999996047,0.004428832,567.5849999996047,7.054342e-05,567.5849999996047,8.004139e-06
567.5999999996047,0.002063198,567.5999999996047,0.004463681,567.5999999996047,4.360302e-05,567.5999999996047,7.940529e-06
567.6149999996047,0.00222146,567.6149999996047,0.004489248,567.6149999996047,4.064171e-05,567.6149999996047,7.860292e-06
567.6299999996047,0.002263568,567.6299999996047,0.004523929,567.6299999996047,3.305693e-05,567.6299999996047,7.879981e-06
567.6449999996047,0.002446418,567.6449999996047,0.004542911,567.6449999996047,2.300576e-05,567.6449999996047,7.824367e-06
567.6599999996047,0.002715969,567.6599999996047,0.004462429,567.6599999996047,2.0282e-05,567.6599999996047,7.972397e-06
567.6749999996047,0.002734954,567.6749999996047,0.004323915,567.6749999996047,1.847028e-05,567.6749999996047,7.917432e-06
567.6899999996047,0.002820412,567.6899999996047,0.00426111,567.6899999996047,1.676309e-05,567.6899999996047,7.844146e-06
567.7049999996046,0.002825475,567.7049999996046,0.004147932,567.7049999996046,1.587751e-05,567.7049999996046,7.495178e-06
567.7199999996046,0.002824572,567.7199999996046,0.004001489,567.7199999996046,1.588106e-05,567.7199999996046,7.568121e-06
567.7349999996046,0.00284389,567.7349999996046,0.003851876,567.7349999996046,1.598979e-05,567.7349999996046,7.680822e-06
567.7499999996046,0.002814305,567.7499999996046,0.003858698,567.7499999996046,1.540285e-05,567.7499999996046,7.640368e-06
567.7649999996046,0.002813261,567.7649999996046,0.003884068,567.7649999996046,1.515949e-05,567.7649999996046,7.656943e-06
567.7799999996046,0.00260641,567.7799999996046,0.003867246,567.7799999996046,1.456328e-05,567.7799999996046,6.97938e-06
567.7949999996046,0.002493584,567.7949999996046,0.003840773,567.7949999996046,1.36196e-05,567.7949999996046,6.470365e-06
567.8099999996045,0.002370569,567.8099999996045,0.003796312,567.8099999996045,1.154627e-05,567.8099999996045,5.206033e-06
567.8249999996045,0.002351246,567.8249999996045,0.003776327,567.8249999996045,1.106405e-05,567.8249999996045,4.821102e-06
567.8399999996045,0.00232485,567.8399999996045,0.003640522,567.8399999996045,1.061572e-05,567.8399999996045,4.876302e-06
567.8549999996045,0.002265945,567.8549999996045,0.003588955,567.8549999996045,1.03714e-05,567.8549999996045,4.982041e-06
567.8699999996045,0.002055354,567.8699999996045,0.003397004,567.8699999996045,1.200327e-05,567.8699999996045,5.159829e-06
567.8849999996045,0.002042725,567.8849999996045,0.003442381,567.8849999996045,1.280284e-05,567.8849999996045,5.475077e-06
567.8999999996045,0.001660699,567.8999999996045,0.003522112,567.8999999996045,1.195388e-05,567.8999999996045,5.647323e-06
567.9149999996044,0.001352093,567.9149999996044,0.003491906,567.9149999996044,1.198918e-05,567.9149999996044,5.336972e-06
567.9299999996044,0.001574541,567.9299999996044,0.003597787,567.9299999996044,1.802798e-05,567.9299999996044,6.132817e-06
567.9449999996044,0.001514383,567.9449999996044,0.003671606,567.9449999996044,2.267643e-05,567.9449999996044,8.088174e-06
567.9599999996044,0.001700572,567.9599999996044,0.00382275,567.9599999996044,2.368876e-05,567.9599999996044,8.419275e-06
567.9749999996044,0.001907169,567.9749999996044,0.003921062,567.9749999996044,2.486153e-05,567.9749999996044,8.726546e-06
567.9899999996044,0.00192422,567.9899999996044,0.004076601,567.9899999996044,2.57915e-05,567.9899999996044,9.013988e-06
568.0049999996044,0.001949581,568.0049999996044,0.004028338,568.0049999996044,2.798808e-05,568.0049999996044,9.611476e-06
568.0199999996044,0.001964677,568.0199999996044,0.00422543,568.0199999996044,2.876546e-05,568.0199999996044,9.775687e-06
568.0349999996043,0.002062571,568.0349999996043,0.004391936,568.0349999996043,2.948467e-05,568.0349999996043,9.73815e-06
568.0499999996043,0.002064968,568.0499999996043,0.004528559,568.0499999996043,2.991674e-05,568.0499999996043,9.846043e-06
568.0649999996043,0.002089907,568.0649999996043,0.00457536,568.0649999996043,3.001687e-05,568.0649999996043,9.866052e-06
568.0799999996043,0.002147192,568.0799999996043,0.004631057,568.0799999996043,3.010169e-05,568.0799999996043,9.794402e-06
568.0949999996043,0.002151975,568.0949999996043,0.004745921,568.0949999996043,3.024083e-05,568.0949999996043,9.74827e-06
568.1099999996043,0.002272526,568.1099999996043,0.004877318,568.1099999996043,3.199631e-05,568.1099999996043,9.843181e-06
568.1249999996043,0.002304138,568.1249999996043,0.004814307,568.1249999996043,3.249953e-05,568.1249999996043,1.025805e-05
568.1399999996042,0.002353379,568.1399999996042,0.004570534,568.1399999996042,3.202755e-05,568.1399999996042,1.030736e-05
568.1549999996042,0.002342637,568.1549999996042,0.00455544,568.1549999996042,3.251903e-05,568.1549999996042,1.020711e-05
568.1699999996042,0.00224859,568.1699999996042,0.004723511,568.1699999996042,3.310079e-05,568.1699999996042,1.018501e-05
568.1849999996042,0.002111916,568.1849999996042,0.004914155,568.1849999996042,2.965901e-05,568.1849999996042,9.745379e-06
568.1999999996042,0.001963779,568.1999999996042,0.005011806,568.1999999996042,2.709973e-05,568.1999999996042,8.589881e-06
568.2149999996042,0.001934078,568.2149999996042,0.005079763,568.2149999996042,2.813866e-05,568.2149999996042,8.454338e-06
568.2299999996042,0.001881653,568.2299999996042,0.005084962,568.2299999996042,2.731511e-05,568.2299999996042,8.221186e-06
568.2449999996041,0.001858953,568.2449999996041,0.004972444,568.2449999996041,2.663467e-05,568.2449999996041,8.178238e-06
568.2599999996041,0.001838332,568.2599999996041,0.004861502,568.2599999996041,2.414522e-05,568.2599999996041,7.27777e-06
568.2749999996041,0.001849694,568.2749999996041,0.004762693,568.2749999996041,2.427961e-05,568.2749999996041,7.14888e-06
568.2899999996041,0.001758537,568.2899999996041,0.004532183,568.2899999996041,2.35468e-05,568.2899999996041,7.366268e-06
568.3049999996041,0.001753288,568.3049999996041,0.004581142,568.3049999996041,2.336061e-05,568.3049999996041,7.702799e-06
568.3199999996041,0.001753975,568.3199999996041,0.004683915,568.3199999996041,2.30229e-05,568.3199999996041,7.777418e-06
568.3349999996041,0.001732382,568.3349999996041,0.004730376,568.3349999996041,2.297574e-05,568.3349999996041,7.800928e-06
568.349999999604,0.001721615,568.349999999604,0.004730376,568.349999999604,2.219993e-05,568.349999999604,7.977696e-06
568.364999999604,0.001576553,568.364999999604,0.004724514,568.364999999604,1.952975e-05,568.364999999604,7.995334e-06
568.379999999604,0.001567262,568.379999999604,0.004684917,568.379999999604,1.84428e-05,568.379999999604,7.515824e-06
568.394999999604,0.001536721,568.394999999604,0.004720752,568.394999999604,1.835476e-05,568.394999999604,7.497057e-06
568.409999999604,0.001545647,568.409999999604,0.004824852,568.409999999604,1.701001e-05,568.409999999604,7.392992e-06
568.424999999604,0.001512666,568.424999999604,0.004824899,568.424999999604,1.525583e-05,568.424999999604,7.341366e-06
568.439999999604,0.001511772,568.439999999604,0.004796268,568.439999999604,1.49216e-05,568.439999999604,6.910417e-06
568.454999999604,0.001507787,568.454999999604,0.004860093,568.454999999604,1.337328e-05,568.454999999604,6.452925e-06
568.4699999996039,0.001467031,568.4699999996039,0.004849302,568.4699999996039,1.201266e-05,568.4699999996039,6.518086e-06
568.4849999996039,0.001456909,568.4849999996039,0.004904249,568.4849999996039,1.248194e-05,568.4849999996039,6.533196e-06
568.4999999996039,0.001528872,568.4999999996039,0.004927577,568.4999999996039,1.270786e-05,568.4999999996039,6.391509e-06
568.5149999996039,0.001488498,568.5149999996039,0.004942772,568.5149999996039,1.192675e-05,568.5149999996039,6.230803e-06
568.5299999996039,0.001469645,568.5299999996039,0.004936516,568.5299999996039,1.150716e-05,568.5299999996039,6.194524e-06
568.5449999996039,0.001430751,568.5449999996039,0.0049112,568.5449999996039,1.308255e-05,568.5449999996039,5.8867e-06
568.5599999996039,0.001408601,568.5599999996039,0.005130037,568.5599999996039,1.284897e-05,568.5599999996039,5.257193e-06
568.5749999996038,0.001331402,568.5749999996038,0.00525008,568.5749999996038,1.257526e-05,568.5749999996038,5.063375e-06
568.5899999996038,0.001328878,568.5899999996038,0.005270088,568.5899999996038,1.3209e-05,568.5899999996038,5.126963e-06
568.6049999996038,0.001284642,568.6049999996038,0.005185379,568.6049999996038,1.295052e-05,568.6049999996038,4.469331e-06
568.6199999996038,0.001278494,568.6199999996038,0.005099417,568.6199999996038,1.261105e-05,568.6199999996038,4.11145e-06
568.6349999996038,0.001273834,568.6349999996038,0.005042386,568.6349999996038,1.258757e-05,568.6349999996038,4.035369e-06
568.6499999996038,0.001275984,568.6499999996038,0.005055112,568.6499999996038,1.28358e-05,568.6499999996038,3.99326e-06
568.6649999996038,0.001270723,568.6649999996038,0.005029948,568.6649999996038,1.301238e-05,568.6649999996038,4.038859e-06
568.6799999996038,0.001228721,568.6799999996038,0.004852253,568.6799999996038,1.280064e-05,568.6799999996038,4.216325e-06
568.6949999996037,0.001147972,568.6949999996037,0.004949179,568.6949999996037,1.274771e-05,568.6949999996037,4.155752e-06
568.7099999996037,0.001075171,568.7099999996037,0.005048958,568.7099999996037,1.307394e-05,568.7099999996037,4.186148e-06
568.7249999996037,0.0009228099,568.7249999996037,0.005066971,568.7249999996037,1.39072e-05,568.7249999996037,4.162526e-06
568.7399999996037,0.0009127131,568.7399999996037,0.005075895,568.7399999996037,1.360407e-05,568.7399999996037,4.282623e-06
568.7549999996037,0.0008789205,568.7549999996037,0.004975799,568.7549999996037,1.28358e-05,568.7549999996037,4.325173e-06
568.7699999996037,0.00089941,568.7699999996037,0.004769265,568.7699999996037,1.281933e-05,568.7699999996037,4.636408e-06
568.7849999996037,0.001041254,568.7849999996037,0.004652497,568.7849999996037,1.311267e-05,568.7849999996037,4.762306e-06
568.7999999996036,0.001127124,568.7999999996036,0.004682838,568.7999999996036,1.202438e-05,568.7999999996036,4.928026e-06
568.8149999996036,0.001137014,568.8149999996036,0.004624208,568.8149999996036,1.239018e-05,568.8149999996036,5.22494e-06
568.8299999996036,0.001125035,568.8299999996036,0.004467831,568.8299999996036,1.293855e-05,568.8299999996036,5.206033e-06
568.8449999996036,0.001125912,568.8449999996036,0.0043222,568.8449999996036,1.265899e-05,568.8449999996036,5.140683e-06
568.8599999996036,0.001121681,568.8599999996036,0.004318943,568.8599999996036,1.265009e-05,568.8599999996036,5.113207e-06
568.8749999996036,0.001048988,568.8749999996036,0.004354868,568.8749999996036,1.271673e-05,568.8749999996036,5.187057e-06
568.8899999996036,0.001046826,568.8899999996036,0.004417548,568.8899999996036,1.275654e-05,568.8899999996036,5.286585e-06
568.9049999996035,0.001046903,568.9049999996035,0.004389262,568.9049999996035,1.282482e-05,568.9049999996035,5.233022e-06
568.9199999996035,0.001026933,568.9199999996035,0.004357951,568.9199999996035,1.274218e-05,568.9199999996035,5.135199e-06
568.9349999996035,0.001031256,568.9349999996035,0.004326801,568.9349999996035,1.271783e-05,568.9349999996035,5.063375e-06
568.9499999996035,0.0009613024,568.9499999996035,0.004316526,568.9499999996035,1.271451e-05,568.9499999996035,5.107694e-06
568.9649999996035,0.0009619332,568.9649999996035,0.004254649,568.9649999996035,1.169417e-05,568.9649999996035,5.093886e-06
568.9799999996035,0.0009418992,568.9799999996035,0.004262541,568.9799999996035,1.200797e-05,568.9799999996035,4.873412e-06
568.9949999996035,0.0009109781,568.9949999996035,0.004272794,568.9949999996035,1.267234e-05,568.9949999996035,4.858938e-06
569.0099999996035,0.0008900078,569.0099999996035,0.004355872,569.0099999996035,1.270454e-05,569.0099999996035,4.939447e-06
569.0249999996034,0.0008347135,569.0249999996034,0.004502433,569.0249999996034,1.265343e-05,569.0249999996034,4.575239e-06
569.0399999996034,0.0007017154,569.0399999996034,0.004589001,569.0399999996034,1.214793e-05,569.0399999996034,4.500739e-06
569.0549999996034,0.0005850611,569.0549999996034,0.004686565,569.0549999996034,1.182236e-05,569.0549999996034,4.236323e-06
569.0699999996034,0.0005826949,569.0699999996034,0.004821132,569.0699999996034,1.178894e-05,569.0699999996034,3.91848e-06
569.0849999996034,0.0005785908,569.0849999996034,0.004866812,569.0849999996034,1.155359e-05,569.0849999996034,3.834905e-06
569.0999999996034,0.0005637021,569.0999999996034,0.004991341,569.0999999996034,1.162045e-05,569.0999999996034,3.932833e-06
569.1149999996034,0.000561249,569.1149999996034,0.005017808,569.1149999996034,1.14667e-05,569.1149999996034,3.889614e-06
569.1299999996033,0.0005551374,569.1299999996033,0.005112923,569.1299999996033,1.129215e-05,569.1299999996033,3.882364e-06
569.1449999996033,0.0005491755,569.1449999996033,0.005098972,569.1449999996033,1.148143e-05,569.1449999996033,3.607783e-06
569.1599999996033,0.0005487383,569.1599999996033,0.005103468,569.1599999996033,1.163015e-05,569.1599999996033,3.552699e-06
569.1749999996033,0.000572541,569.1749999996033,0.005098448,569.1749999996033,1.218498e-05,569.1749999996033,3.552699e-06
569.1899999996033,0.0005573351,569.1899999996033,0.005057582,569.1899999996033,1.214097e-05,569.1899999996033,3.524834e-06
569.2049999996033,0.0005478995,569.2049999996033,0.00500995,569.2049999996033,1.191848e-05,569.2049999996033,3.552699e-06
569.2199999996033,0.0005449454,569.2199999996033,0.005006173,569.2199999996033,1.169296e-05,569.2199999996033,3.794284e-06
569.2349999996032,0.0005233921,569.2349999996032,0.005137286,569.2349999996032,1.096815e-05,569.2349999996032,3.764466e-06
569.2499999996032,0.0004784529,569.2499999996032,0.005244515,569.2499999996032,1.070162e-05,569.2499999996032,3.723076e-06
569.2649999996032,0.0005673887,569.2649999996032,0.005209403,569.2649999996032,1.071609e-05,569.2649999996032,3.568524e-06
569.2799999996032,0.0005725545,569.2799999996032,0.005209403,569.2799999996032,1.075284e-05,569.2799999996032,3.588207e-06
569.2949999996032,0.0005641726,569.2949999996032,0.005211944,569.2949999996032,1.05251e-05,569.2949999996032,3.611685e-06
569.3099999996032,0.0005896154,569.3099999996032,0.005194859,569.3099999996032,1.060908e-05,569.3099999996032,3.54476e-06
569.3249999996032,0.000594564,569.3249999996032,0.005111665,569.3249999996032,1.045662e-05,569.3249999996032,3.681221e-06
569.3399999996032,0.0005994562,569.3399999996032,0.005222685,569.3399999996032,1.103728e-05,569.3399999996032,3.654337e-06
569.3549999996031,0.0005983731,569.3549999996031,0.005137161,569.3549999996031,1.142855e-05,569.3549999996031,3.623367e-06
569.3699999996031,0.0006050736,569.3699999996031,0.005194886,569.3699999996031,1.171583e-05,569.3699999996031,3.615583e-06
569.3849999996031,0.0006579579,569.3849999996031,0.005134299,569.3849999996031,1.18152e-05,569.3849999996031,3.78313e-06
569.3999999996031,0.0006940284,569.3999999996031,0.005162037,569.3999999996031,1.138038e-05,569.3999999996031,4.581393e-06
569.4149999996031,0.0007137264,569.4149999996031,0.005187409,569.4149999996031,1.100021e-05,569.4149999996031,4.899358e-06
569.4299999996031,0.0008842205,569.4299999996031,0.00517968,569.4299999996031,1.154871e-05,569.4299999996031,4.893604e-06
569.444999999603,0.0008985167,569.444999999603,0.005144145,569.444999999603,1.205013e-05,569.444999999603,5.173461e-06
569.459999999603,0.000906916,569.459999999603,0.005199178,569.459999999603,1.312233e-05,569.459999999603,5.765811e-06
569.474999999603,0.0009487636,569.474999999603,0.005163057,569.474999999603,1.390922e-05,569.474999999603,5.877121e-06
569.489999999603,0.0009386516,569.489999999603,0.005104092,569.489999999603,1.47134e-05,569.489999999603,5.891484e-06
569.504999999603,0.001076935,569.504999999603,0.00513827,569.504999999603,1.711404e-05,569.504999999603,6.260124e-06
569.519999999603,0.001054758,569.519999999603,0.005120783,569.519999999603,1.772459e-05,569.519999999603,6.298262e-06
569.534999999603,0.001104965,569.534999999603,0.005076696,569.534999999603,1.804126e-05,569.534999999603,6.275856e-06
569.549999999603,0.001156223,569.549999999603,0.004914592,569.549999999603,1.873306e-05,569.549999999603,6.298262e-06
569.564999999603,0.001208711,569.564999999603,0.004780558,569.564999999603,1.929682e-05,569.564999999603,6.313899e-06
569.5799999996029,0.00120746,569.5799999996029,0.004805578,569.5799999996029,1.915394e-05,569.5799999996029,6.309435e-06
569.5949999996029,0.001238726,569.5949999996029,0.004813676,569.5949999996029,1.866752e-05,569.5949999996029,6.320588e-06
569.6099999996029,0.001304027,569.6099999996029,0.004897409,569.6099999996029,1.850914e-05,569.6099999996029,6.382687e-06
569.6249999996029,0.001334038,569.6249999996029,0.004840197,569.6249999996029,1.839309e-05,569.6249999996029,6.500773e-06
569.6399999996029,0.001361933,569.6399999996029,0.004786402,569.6399999996029,1.860024e-05,569.6399999996029,6.543968e-06
569.6549999996029,0.001491815,569.6549999996029,0.004761359,569.6549999996029,1.870371e-05,569.6549999996029,6.174023e-06
569.6699999996029,0.001521215,569.6699999996029,0.004845129,569.6699999996029,1.914732e-05,569.6699999996029,6.455107e-06
569.6849999996028,0.001506755,569.6849999996028,0.004852412,569.6849999996028,1.920682e-05,569.6849999996028,6.770382e-06
569.6999999996028,0.001567335,569.6999999996028,0.004750018,569.6999999996028,1.904627e-05,569.6999999996028,6.576178e-06
569.7149999996028,0.00162131,569.7149999996028,0.004569457,569.7149999996028,1.85e-05,569.7149999996028,6.16489e-06
569.7299999996028,0.001613766,569.7299999996028,0.00430234,569.7299999996028,1.779835e-05,569.7299999996028,5.967507e-06
569.7449999996028,0.001558805,569.7449999996028,0.004208483,569.7449999996028,1.602323e-05,569.7449999996028,6.153455e-06
569.7599999996028,0.001504417,569.7599999996028,0.004119526,569.7599999996028,1.524289e-05,569.7599999996028,5.922486e-06
569.7749999996028,0.001469813,569.7749999996028,0.004139062,569.7749999996028,1.443601e-05,569.7749999996028,5.960421e-06
569.7899999996027,0.001414347,569.7899999996027,0.004321772,569.7899999996027,1.345205e-05,569.7899999996027,6.007502e-06
569.8049999996027,0.001379206,569.8049999996027,0.004525278,569.8049999996027,1.357194e-05,569.8049999996027,6.095956e-06
569.8199999996027,0.001358166,569.8199999996027,0.004552611,569.8199999996027,1.323031e-05,569.8199999996027,6.063518e-06
569.8349999996027,0.001350798,569.8349999996027,0.004433968,569.8349999996027,1.367122e-05,569.8349999996027,6.06584e-06
569.8499999996027,0.00128546,569.8499999996027,0.004366472,569.8499999996027,1.419096e-05,569.8499999996027,6.095956e-06
569.8649999996027,0.001253152,569.8649999996027,0.00431204,569.8649999996027,1.417407e-05,569.8649999996027,5.915346e-06
569.8799999996027,0.001224461,569.8799999996027,0.004174891,569.8799999996027,1.374418e-05,569.8799999996027,5.539025e-06
569.8949999996026,0.001034569,569.8949999996026,0.004062999,569.8949999996026,1.350222e-05,569.8949999996026,5.297233e-06
569.9099999996026,0.0009010836,569.9099999996026,0.003889388,569.9099999996026,1.185211e-05,569.9099999996026,5.168013e-06
569.9249999996026,0.0008128062,569.9249999996026,0.0036093,569.9249999996026,1.175184e-05,569.9249999996026,4.581393e-06
569.9399999996026,0.0006227413,569.9399999996026,0.003452445,569.9399999996026,1.063693e-05,569.9399999996026,4.259536e-06
569.9549999996026,0.0005595697,569.9549999996026,0.003495888,569.9549999996026,1.060377e-05,569.9549999996026,4.125132e-06
569.9699999996026,0.000428262,569.9699999996026,0.003433849,569.9699999996026,1.065281e-05,569.9699999996026,4.090841e-06
569.9849999996026,0.0004068724,569.9849999996026,0.003536109,569.9849999996026,1.018224e-05,569.9849999996026,4.128545e-06
569.9999999996026,0.0004128304,569.9999999996026,0.003594413,569.9999999996026,1.034692e-05,569.9999999996026,3.654337e-06
570.0149999996025,0.0004044537,570.0149999996025,0.003554404,570.0149999996025,1.004294e-05,570.0149999996025,3.726858e-06
570.0299999996025,0.0004119657,570.0299999996025,0.00352613,570.0299999996025,1.016978e-05,570.0299999996025,3.904074e-06
570.0449999996025,0.0004456949,570.0449999996025,0.003465158,570.0449999996025,9.805902e-06,570.0449999996025,3.86418e-06
570.0599999996025,0.0005745788,570.0599999996025,0.003412944,570.0599999996025,9.414533e-06,570.0599999996025,3.812802e-06
570.0749999996025,0.0006482139,570.0749999996025,0.00340391,570.0749999996025,9.971149e-06,570.0749999996025,3.867824e-06
570.0899999996025,0.0006728307,570.0899999996025,0.003426076,570.0899999996025,1.381166e-05,570.0899999996025,3.84957e-06
570.1049999996025,0.0006894808,570.1049999996025,0.003661751,570.1049999996025,1.414223e-05,570.1049999996025,3.893234e-06
570.1199999996024,0.0007533866,570.1199999996024,0.003831935,570.1199999996024,1.457295e-05,570.1199999996024,4.29576e-06
570.1349999996024,0.0007740726,570.1349999996024,0.003963453,570.1349999996024,1.464719e-05,570.1349999996024,4.469331e-06
570.1499999996024,0.000781344,570.1499999996024,0.004150638,570.1499999996024,1.515577e-05,570.1499999996024,4.4218e-06
570.1649999996024,0.0008645501,570.1649999996024,0.00436128,570.1649999996024,1.536073e-05,570.1649999996024,4.642481e-06
570.1799999996024,0.0008952735,570.1799999996024,0.004488011,570.1799999996024,1.527336e-05,570.1799999996024,4.636408e-06
570.1949999996024,0.0009006872,570.1949999996024,0.004521023,570.1949999996024,1.809739e-05,570.1949999996024,4.584466e-06
570.2099999996024,0.0009109362,570.2099999996024,0.00449385,570.2099999996024,1.861311e-05,570.2099999996024,4.593675e-06
570.2249999996023,0.0009230742,570.2249999996023,0.004516904,570.2249999996023,1.874433e-05,570.2249999996023,4.541245e-06
570.2399999996023,0.0009206041,570.2399999996023,0.004629301,570.2399999996023,1.875711e-05,570.2399999996023,4.525708e-06
570.2549999996023,0.0009203538,570.2549999996023,0.004877142,570.2549999996023,1.881335e-05,570.2549999996023,4.612038e-06
570.2699999996023,0.0009420924,570.2699999996023,0.005078077,570.2699999996023,1.881784e-05,570.2699999996023,4.453544e-06
570.2849999996023,0.0009320071,570.2849999996023,0.005061441,570.2849999996023,1.885598e-05,570.2849999996023,4.360851e-06
570.2999999996023,0.0009167636,570.2999999996023,0.005055955,570.2999999996023,1.85813e-05,570.2999999996023,4.373753e-06
570.3149999996023,0.0008277829,570.3149999996023,0.004910317,570.3149999996023,1.796928e-05,570.3149999996023,4.393035e-06
570.3299999996023,0.0008095214,570.3299999996023,0.004709851,570.3299999996023,1.743614e-05,570.3299999996023,4.302314e-06
570.3449999996022,0.0008133141,570.3449999996022,0.004586661,570.3449999996022,1.451872e-05,570.3449999996022,4.259536e-06
570.3599999996022,0.0007500628,570.3599999996022,0.004426283,570.3599999996022,1.404829e-05,570.3599999996022,4.121716e-06
570.3749999996022,0.0007197785,570.3749999996022,0.004201019,570.3749999996022,1.368872e-05,570.3749999996022,3.900464e-06
570.3899999996022,0.0007080205,570.3899999996022,0.004017619,570.3899999996022,1.381574e-05,570.3899999996022,3.685046e-06
570.4049999996022,0.000661806,570.4049999996022,0.003862634,570.4049999996022,1.337117e-05,570.4049999996022,3.57641e-06
570.4199999996022,0.0005471652,570.4199999996022,0.003645293,570.4199999996022,1.408034e-05,570.4199999996022,3.40283e-06
570.4349999996022,0.000534949,570.4349999996022,0.003363945,570.4349999996022,1.317804e-05,570.4349999996022,3.36955e-06
570.4499999996021,0.0005284522,570.4499999996021,0.0030494,570.4499999996021,9.674292e-06,570.4499999996021,3.427579e-06
570.4649999996021,0.0005066883,570.4649999996021,0.002935969,570.4649999996021,9.046747e-06,570.4649999996021,3.390388e-06
570.4799999996021,0.0004999329,570.4799999996021,0.002651862,570.4799999996021,9.837455e-06,570.4799999996021,3.696496e-06
570.4949999996021,0.0005263413,570.4949999996021,0.002445503,570.4949999996021,1.036732e-05,570.4949999996021,3.627253e-06
570.5099999996021,0.0005082526,570.5099999996021,0.002147041,570.5099999996021,1.05184e-05,570.5099999996021,3.552699e-06
570.5249999996021,0.0004707851,570.5249999996021,0.00185732,570.5249999996021,1.139027e-05,570.5249999996021,3.476546e-06
570.5399999996021,0.0004567237,570.5399999996021,0.001207865,570.5399999996021,1.155968e-05,570.5399999996021,3.488681e-06
570.554999999602,0.0004381967,570.554999999602,0.0006631563,570.554999999602,1.147284e-05,570.554999999602,3.406967e-06
570.569999999602,0.0004312484,570.569999999602,0.0005218589,570.569999999602,1.179731e-05,570.569999999602,3.365367e-06
570.584999999602,0.0004396419,570.584999999602,0.0004789595,570.584999999602,1.171342e-05,570.584999999602,3.28916e-06
570.599999999602,0.0004256725,570.599999999602,0.0004815558,570.599999999602,1.201618e-05,570.599999999602,3.314757e-06
570.614999999602,0.0004168699,570.614999999602,0.0004917933,570.614999999602,1.297335e-05,570.614999999602,3.228645e-06
570.629999999602,0.0004229207,570.629999999602,0.0004583331,570.629999999602,1.302212e-05,570.629999999602,3.153601e-06
570.644999999602,0.0004294577,570.644999999602,0.0003966162,570.644999999602,1.347193e-05,570.644999999602,3.144655e-06
570.659999999602,0.0004647898,570.659999999602,0.0003274991,570.659999999602,1.592181e-05,570.659999999602,3.228645e-06
570.6749999996019,0.0004688125,570.6749999996019,0.000307688,570.6749999996019,1.708191e-05,570.6749999996019,3.254718e-06
570.6899999996019,0.0004705312,570.6899999996019,0.000436583,570.6899999996019,1.734541e-05,570.6899999996019,3.215529e-06
570.7049999996019,0.0005182871,570.7049999996019,0.0004248026,570.7049999996019,1.764494e-05,570.7049999996019,3.29344e-06
570.7199999996019,0.0006282429,570.7199999996019,0.000415155,570.7199999996019,2.018662e-05,570.7199999996019,3.01662e-06
570.7349999996019,0.0006094956,570.7349999996019,0.000411771,570.7349999996019,2.721333e-05,570.7349999996019,3.117661e-06
570.7499999996019,0.0005964921,570.7499999996019,0.0004091927,570.7499999996019,5.058003e-05,570.7499999996019,3.259043e-06
570.7649999996019,0.000608094,570.7649999996019,0.0004067716,570.7649999996019,0.0002055833,570.7649999996019,3.580347e-06
570.7799999996018,0.0009526447,570.7799999996018,0.0004045174,570.7799999996018,0.0002667407,570.7799999996018,4.131956e-06
570.7949999996018,0.0009771684,570.7949999996018,0.0005349079,570.7949999996018,0.0003793613,570.7949999996018,4.142171e-06
570.8099999996018,0.001097512,570.8099999996018,0.001373625,570.8099999996018,0.0004430808,570.8099999996018,4.236323e-06
570.8249999996018,0.001099269,570.8249999996018,0.001875157,570.8249999996018,0.0004470157,570.8249999996018,4.453544e-06
570.8399999996018,0.001129216,570.8399999996018,0.002188401,570.8399999996018,0.0004481078,570.8399999996018,4.642481e-06
570.8549999996018,0.001154248,570.8549999996018,0.002630119,570.8549999996018,0.00045173,570.8549999996018,4.942298e-06
570.8699999996018,0.001244793,570.8699999996018,0.002972398,570.8699999996018,0.0004600076,570.8699999996018,5.2679e-06
570.8849999996017,0.001413535,570.8849999996017,0.003243772,570.8849999996017,0.0004610239,570.8849999996017,5.230329e-06
570.8999999996017,0.00146333,570.8999999996017,0.003401131,570.8999999996017,0.0004618267,570.8999999996017,5.334332e-06
570.9149999996017,0.001453471,570.9149999996017,0.003475852,570.9149999996017,0.0004654586,570.9149999996017,5.556798e-06
570.9299999996017,0.001657614,570.9299999996017,0.003479896,570.9299999996017,0.0004689095,570.9299999996017,5.53139e-06
570.9449999996017,0.001686262,570.9449999996017,0.003726037,570.9449999996017,0.0004857437,570.9449999996017,5.536481e-06
570.9599999996017,0.001718577,570.9599999996017,0.004011769,570.9599999996017,0.0004977749,570.9599999996017,5.61731e-06
570.9749999996017,0.001782,570.9749999996017,0.004250702,570.9749999996017,0.0005105392,570.9749999996017,5.711809e-06
570.9899999996017,0.002227012,570.9899999996017,0.004449666,570.9899999996017,0.0005244479,570.9899999996017,5.649817e-06
571.0049999996016,0.002451406,571.0049999996016,0.00453034,571.0049999996016,0.0005228342,571.0049999996016,5.614802e-06
571.0199999996016,0.002575457,571.0199999996016,0.004682686,571.0199999996016,0.0004538962,571.0199999996016,6.153455e-06
571.0349999996016,0.002805219,571.0349999996016,0.004750636,571.0349999996016,0.0004323931,571.0349999996016,5.778013e-06
571.0499999996016,0.0028103,571.0499999996016,0.004813934,571.0499999996016,0.0003352448,571.0499999996016,5.853103e-06
571.0649999996016,0.002822033,571.0649999996016,0.004741027,571.0649999996016,0.000280919,571.0649999996016,6.205884e-06
571.0799999996016,0.002910505,571.0799999996016,0.004644736,571.0799999996016,0.0002824619,571.0799999996016,6.287069e-06
571.0949999996016,0.003023248,571.0949999996016,0.004723233,571.0949999996016,0.0002827957,571.0949999996016,6.951067e-06
571.1099999996015,0.00317887,571.1099999996015,0.004750257,571.1099999996015,0.000275779,571.1099999996015,6.759971e-06
571.1249999996015,0.003168875,571.1249999996015,0.004621391,571.1249999996015,0.000266583,571.1249999996015,6.621009e-06
571.1399999996015,0.003079251,571.1399999996015,0.004491472,571.1399999996015,0.0002643907,571.1399999996015,6.747456e-06
571.1549999996015,0.003139745,571.1549999996015,0.004560644,571.1549999996015,0.0002635937,571.1549999996015,6.561167e-06
571.1699999996015,0.003341848,571.1699999996015,0.004690536,571.1699999996015,0.0002528292,571.1699999996015,6.565459e-06
571.1849999996015,0.003509366,571.1849999996015,0.004834427,571.1849999996015,0.0002460282,571.1849999996015,7.860292e-06
571.1999999996015,0.003759849,571.1999999996015,0.004836709,571.1999999996015,0.0002029327,571.1999999996015,9.034282e-06
571.2149999996014,0.003926689,571.2149999996014,0.004836717,571.2149999996014,0.0001817329,571.2149999996014,9.207261e-06
571.2299999996014,0.004057674,571.2299999996014,0.004834907,571.2299999996014,0.0001431851,571.2299999996014,1.199388e-05
571.2449999996014,0.004023537,571.2449999996014,0.004839169,571.2449999996014,0.0001089635,571.2449999996014,1.873155e-05
571.2599999996014,0.004132709,571.2599999996014,0.004947294,571.2599999996014,0.0001241687,571.2599999996014,2.018173e-05
571.2749999996014,0.004182927,571.2749999996014,0.005002813,571.2749999996014,0.0001274514,571.2749999996014,2.117962e-05
571.2899999996014,0.004233304,571.2899999996014,0.005057781,571.2899999996014,0.0001249685,571.2899999996014,2.188036e-05
571.3049999996014,0.004449506,571.3049999996014,0.005057781,571.3049999996014,0.0001206604,571.3049999996014,2.218469e-05
571.3199999996014,0.004407209,571.3199999996014,0.005136254,571.3199999996014,0.0001178593,571.3199999996014,2.216945e-05
571.3349999996013,0.004436557,571.3349999996013,0.00506555,571.3349999996013,0.0001150369,571.3349999996013,2.293155e-05
571.3499999996013,0.004355308,571.3499999996013,0.004947411,571.3499999996013,0.000114524,571.3499999996013,2.345509e-05
571.3649999996013,0.004374126,571.3649999996013,0.005086213,571.3649999996013,0.0001145758,571.3649999996013,2.34599e-05
571.3799999996013,0.004447126,571.3799999996013,0.005221001,571.3799999996013,0.0001157705,571.3799999996013,2.350788e-05
571.3949999996013,0.004542422,571.3949999996013,0.005285438,571.3949999996013,0.000115811,571.3949999996013,2.364113e-05
571.4099999996013,0.004569147,571.4099999996013,0.005234449,571.4099999996013,0.0001156273,571.4099999996013,2.365007e-05
571.4249999996013,0.004385829,571.4249999996013,0.005168003,571.4249999996013,0.0001152829,571.4249999996013,2.361192e-05
571.4399999996012,0.004285624,571.4399999996012,0.005175442,571.4399999996012,0.000112454,571.4399999996012,2.317718e-05
571.4549999996012,0.004167662,571.4549999996012,0.005134643,571.4549999996012,0.0001125355,571.4549999996012,2.287188e-05
571.4699999996012,0.004167599,571.4699999996012,0.004984498,571.4699999996012,0.0001131822,571.4699999996012,2.296776e-05
571.4849999996012,0.004144698,571.4849999996012,0.004880916,571.4849999996012,8.718116e-05,571.4849999996012,1.808025e-05
571.4999999996012,0.004187414,571.4999999996012,0.004950125,571.4999999996012,8.113388e-05,571.4999999996012,1.540743e-05
571.5149999996012,0.004196255,571.5149999996012,0.004950087,571.5149999996012,6.508937e-05,571.5149999996012,1.383204e-05
571.5299999996012,0.004188807,571.5299999996012,0.004970827,571.5299999996012,6.822323e-05,571.5299999996012,1.530652e-05
571.5449999996011,0.004069667,571.5449999996011,0.004970827,571.5449999996011,6.946404e-05,571.5449999996011,1.847791e-05
571.5599999996011,0.004158879,571.5599999996011,0.005011504,571.5599999996011,8.943561e-05,571.5599999996011,1.914585e-05
571.5749999996011,0.004310785,571.5749999996011,0.005084086,571.5749999996011,8.720959e-05,571.5749999996011,2.228542e-05
571.5899999996011,0.004338483,571.5899999996011,0.005133625,571.5899999996011,8.99036e-05,571.5899999996011,2.218914e-05
571.6049999996011,0.004516801,571.6049999996011,0.005109941,571.6049999996011,9.052833e-05,571.6049999996011,2.191445e-05
571.6199999996011,0.0046603,571.6199999996011,0.005106636,571.6199999996011,9.550415e-05,571.6199999996011,2.2414e-05
571.6349999996011,0.004571781,571.6349999996011,0.005103191,571.6349999996011,9.722905e-05,571.6349999996011,2.248052e-05
571.649999999601,0.004479306,571.649999999601,0.00514258,571.649999999601,9.707551e-05,571.649999999601,2.241337e-05
571.664999999601,0.004570078,571.664999999601,0.005236246,571.664999999601,9.753153e-05,571.664999999601,2.241589e-05
571.679999999601,0.004738554,571.679999999601,0.005227278,571.679999999601,9.747244e-05,571.679999999601,2.242657e-05
571.694999999601,0.004828636,571.694999999601,0.005227278,571.694999999601,9.706651e-05,571.694999999601,2.24385e-05
571.709999999601,0.004746913,571.709999999601,0.005180917,571.709999999601,9.601915e-05,571.709999999601,2.238822e-05
571.724999999601,0.004760038,571.724999999601,0.00520694,571.724999999601,9.329172e-05,571.724999999601,2.196453e-05
571.739999999601,0.004653585,571.739999999601,0.005184835,571.739999999601,8.873003e-05,571.739999999601,2.195042e-05
571.754999999601,0.004510826,571.754999999601,0.005140927,571.754999999601,8.877543e-05,571.754999999601,2.171816e-05
571.7699999996009,0.004427026,571.7699999996009,0.005140935,571.7699999996009,8.439696e-05,571.7699999996009,2.155148e-05
571.7849999996009,0.004283581,571.7849999996009,0.005068142,571.7849999996009,7.998206e-05,571.7849999996009,1.856309e-05
571.7999999996009,0.004225003,571.7999999996009,0.004906792,571.7999999996009,7.597899e-05,571.7999999996009,1.524566e-05
571.8149999996009,0.004055148,571.8149999996009,0.004778262,571.8149999996009,6.457616e-05,571.8149999996009,1.231492e-05
571.8299999996009,0.003894015,571.8299999996009,0.004741692,571.8299999996009,6.576286e-05,571.8299999996009,8.45767e-06
571.8449999996009,0.003842431,571.8449999996009,0.004663506,571.8449999996009,5.948545e-05,571.8449999996009,6.699267e-06
571.8599999996009,0.00364766,571.8599999996009,0.004630754,571.8599999996009,5.783521e-05,571.8599999996009,5.831403e-06
571.8749999996008,0.003484481,571.8749999996008,0.004433229,571.8749999996008,4.770109e-05,571.8749999996008,4.864733e-06
571.8899999996008,0.003474177,571.8899999996008,0.004392227,571.8899999996008,4.65212e-05,571.8899999996008,4.328428e-06
571.9049999996008,0.003474327,571.9049999996008,0.004278879,571.9049999996008,4.626523e-05,571.9049999996008,4.262842e-06
571.9199999996008,0.003515085,571.9199999996008,0.004161602,571.9199999996008,4.640447e-05,571.9199999996008,4.189512e-06
571.9349999996008,0.003284969,571.9349999996008,0.004083415,571.9349999996008,4.727304e-05,571.9349999996008,3.932833e-06
571.9499999996008,0.003132083,571.9499999996008,0.003969688,571.9499999996008,4.911333e-05,571.9499999996008,3.947135e-06
571.9649999996008,0.00297178,571.9649999996008,0.003822264,571.9649999996008,5.462532e-05,571.9649999996008,3.91848e-06
571.9799999996008,0.002639105,571.9799999996008,0.003821861,571.9799999996008,5.525173e-05,571.9799999996008,3.73441e-06
571.9949999996007,0.002553234,571.9949999996007,0.003909863,571.9949999996007,5.514326e-05,571.9949999996007,3.760722e-06
572.0099999996007,0.002502684,572.0099999996007,0.003914382,572.0099999996007,5.596231e-05,572.0099999996007,3.856882e-06
572.0249999996007,0.002384359,572.0249999996007,0.003939582,572.0249999996007,5.563158e-05,572.0249999996007,3.812802e-06
572.0399999996007,0.002364717,572.0399999996007,0.004027918,572.0399999996007,5.387673e-05,572.0399999996007,3.786851e-06
572.0549999996007,0.002342428,572.0549999996007,0.004135806,572.0549999996007,5.223942e-05,572.0549999996007,4.229668e-06
572.0699999996007,0.002349421,572.0699999996007,0.004181332,572.0699999996007,4.512024e-05,572.0699999996007,4.636408e-06
572.0849999996007,0.002227935,572.0849999996007,0.004089664,572.0849999996007,4.44322e-05,572.0849999996007,4.747494e-06
572.0999999996006,0.002044864,572.0999999996006,0.00397985,572.0999999996006,4.46296e-05,572.0999999996006,4.925167e-06
572.1149999996006,0.002028694,572.1149999996006,0.004086428,572.1149999996006,4.424444e-05,572.1149999996006,4.993339e-06
572.1299999996006,0.001876228,572.1299999996006,0.004163778,572.1299999996006,4.461476e-05,572.1299999996006,4.953686e-06
572.1449999996006,0.001694312,572.1449999996006,0.004166263,572.1449999996006,4.377005e-05,572.1449999996006,4.93374e-06
572.1599999996006,0.001612751,572.1599999996006,0.004133389,572.1599999996006,4.343827e-05,572.1599999996006,4.847328e-06
572.1749999996006,0.001292311,572.1749999996006,0.004064744,572.1749999996006,4.242636e-05,572.1749999996006,4.936594e-06
572.1899999996006,0.001254348,572.1899999996006,0.004287633,572.1899999996006,4.159581e-05,572.1899999996006,4.990517e-06
572.2049999996005,0.001250352,572.2049999996005,0.004501872,572.2049999996005,3.810769e-05,572.2049999996005,4.962209e-06
572.2199999996005,0.001228808,572.2199999996005,0.004647267,572.2199999996005,3.072788e-05,572.2199999996005,4.939447e-06
572.2349999996005,0.001216831,572.2349999996005,0.004638742,572.2349999996005,3.007454e-05,572.2349999996005,4.762306e-06
572.2499999996005,0.001183377,572.2499999996005,0.004591302,572.2499999996005,3.035009e-05,572.2499999996005,4.633369e-06
572.2649999996005,0.001182481,572.2649999996005,0.004475893,572.2649999996005,2.771495e-05,572.2649999996005,4.615091e-06
572.2799999996005,0.001088529,572.2799999996005,0.004249163,572.2799999996005,2.522657e-05,572.2799999996005,4.593675e-06
572.2949999996005,0.0008601089,572.2949999996005,0.004160474,572.2949999996005,2.534968e-05,572.2949999996005,4.402644e-06
572.3099999996004,0.0008754089,572.3099999996004,0.004077079,572.3099999996004,2.512194e-05,572.3099999996004,3.548731e-06
572.3249999996004,0.0009374453,572.3249999996004,0.004024921,572.3249999996004,2.338713e-05,572.3249999996004,3.57641e-06
572.3399999996004,0.0009935542,572.3399999996004,0.004089565,572.3399999996004,2.332017e-05,572.3399999996004,3.435788e-06
572.3549999996004,0.001207694,572.3549999996004,0.004096243,572.3549999996004,1.988146e-05,572.3549999996004,3.271984e-06
572.3699999996004,0.001315381,572.3699999996004,0.003998993,572.3699999996004,1.97421e-05,572.3699999996004,3.215529e-06
572.3849999996004,0.001357146,572.3849999996004,0.003912653,572.3849999996004,2.109699e-05,572.3849999996004,3.254718e-06
572.3999999996004,0.001396001,572.3999999996004,0.004096033,572.3999999996004,1.999661e-05,572.3999999996004,3.314757e-06
572.4149999996004,0.00138852,572.4149999996004,0.004291451,572.4149999996004,1.63582e-05,572.4149999996004,3.263362e-06
572.4299999996003,0.001375834,572.4299999996003,0.004401227,572.4299999996003,1.73884e-05,572.4299999996003,3.419349e-06
572.4449999996003,0.001382903,572.4449999996003,0.004401238,572.4449999996003,1.811061e-05,572.4449999996003,3.460301e-06
572.4599999996003,0.001382265,572.4599999996003,0.004373647,572.4599999996003,1.739326e-05,572.4599999996003,3.468433e-06
572.4749999996003,0.001446898,572.4749999996003,0.004258808,572.4749999996003,1.73584e-05,572.4749999996003,3.524834e-06
572.4899999996003,0.001739148,572.4899999996003,0.004319366,572.4899999996003,1.771028e-05,572.4899999996003,3.607783e-06
572.5049999996003,0.001753325,572.5049999996003,0.004275274,572.5049999996003,1.741754e-05,572.5049999996003,3.631134e-06
572.5199999996003,0.001752979,572.5199999996003,0.004245196,572.5199999996003,1.751352e-05,572.5199999996003,3.662038e-06
572.5349999996002,0.001755581,572.5349999996002,0.004403976,572.5349999996002,1.765611e-05,572.5349999996002,3.654337e-06
572.5499999996002,0.00180037,572.5499999996002,0.00448356,572.5499999996002,1.772936e-05,572.5499999996002,3.592131e-06
572.5649999996002,0.002019918,572.5649999996002,0.004468642,572.5649999996002,1.849086e-05,572.5649999996002,3.568524e-06
572.5799999996002,0.002303291,572.5799999996002,0.00458141,572.5799999996002,1.850153e-05,572.5799999996002,3.520835e-06
572.5949999996002,0.002525272,572.5949999996002,0.004576228,572.5949999996002,1.866299e-05,572.5949999996002,3.435788e-06
572.6099999996002,0.002733078,572.6099999996002,0.004625132,572.6099999996002,2.000225e-05,572.6099999996002,3.419349e-06
572.6249999996002,0.002929138,572.6249999996002,0.004611268,572.6249999996002,1.956218e-05,572.6249999996002,3.263362e-06
572.6399999996001,0.003095736,572.6399999996001,0.004555166,572.6399999996001,1.805218e-05,572.6399999996001,3.237359e-06
572.6549999996001,0.003082042,572.6549999996001,0.004396444,572.6549999996001,1.810828e-05,572.6549999996001,3.259043e-06
572.6699999996001,0.003081353,572.6699999996001,0.004283085,572.6699999996001,1.801782e-05,572.6699999996001,3.058359e-06
572.6849999996001,0.003070981,572.6849999996001,0.004103558,572.6849999996001,1.736165e-05,572.6849999996001,3.140172e-06
572.6999999996001,0.003053349,572.6999999996001,0.004018209,572.6999999996001,1.675384e-05,572.6999999996001,3.035241e-06
572.7149999996001,0.003048242,572.7149999996001,0.00380064,572.7149999996001,1.674459e-05,572.7149999996001,3.011947e-06
572.7299999996001,0.003001154,572.7299999996001,0.003701818,572.7299999996001,1.663741e-05,572.7299999996001,2.936162e-06
572.7449999996,0.002908654,572.7449999996,0.003589267,572.7449999996,1.592977e-05,572.7449999996,2.936162e-06
572.7599999996,0.002912406,572.7599999996,0.003707345,572.7599999996,1.588904e-05,572.7599999996,2.988471e-06
572.7749999996,0.00292288,572.7749999996,0.003944706,572.7749999996,1.607677e-05,572.7749999996,3.076727e-06
572.7899999996,0.003041372,572.7899999996,0.00396279,572.7899999996,1.577158e-05,572.7899999996,3.224279e-06
572.8049999996,0.003131906,572.8049999996,0.00401544,572.8049999996,1.534238e-05,572.8049999996,3.237359e-06
572.8199999996,0.002867816,572.8199999996,0.004145909,572.8199999996,1.492537e-05,572.8199999996,3.548731e-06
572.8349999996,0.002854481,572.8349999996,0.004167567,572.8349999996,1.495743e-05,572.8349999996,3.654337e-06
572.8499999996,0.002869526,572.8499999996,0.004200148,572.8499999996,1.43489e-05,572.8499999996,4.05626e-06
572.8649999996,0.002782855,572.8649999996,0.004287447,572.8649999996,1.172304e-05,572.8649999996,4.138769e-06
572.8799999995999,0.002822508,572.8799999995999,0.004455919,572.8799999995999,1.285445e-05,572.8799999995999,4.38019e-06
572.8949999995999,0.003024427,572.8949999995999,0.004589278,572.8949999995999,1.339748e-05,572.8949999995999,4.544346e-06
572.9099999995999,0.003180829,572.9099999995999,0.004719491,572.9099999995999,1.300046e-05,572.9099999995999,4.562907e-06
572.9249999995999,0.003409715,572.9249999995999,0.004705009,572.9249999995999,1.349387e-05,572.9249999995999,4.916579e-06
572.9399999995999,0.003671339,572.9399999995999,0.004663298,572.9399999995999,1.337749e-05,572.9399999995999,4.847328e-06
572.9549999995999,0.003861659,572.9549999995999,0.004553368,572.9549999995999,1.331522e-05,572.9549999995999,4.867628e-06
572.9699999995998,0.003935572,572.9699999995998,0.004615632,572.9699999995998,1.335008e-05,572.9699999995998,4.884961e-06
572.9849999995998,0.00414884,572.9849999995998,0.004784872,572.9849999995998,1.331733e-05,572.9849999995998,4.950841e-06
572.9999999995998,0.004173893,572.9999999995998,0.004846707,572.9999999995998,1.383102e-05,572.9999999995998,4.965048e-06
573.0149999995998,0.004258742,573.0149999995998,0.004774775,573.0149999995998,1.404227e-05,573.0149999995998,4.913713e-06
573.0299999995998,0.004360638,573.0299999995998,0.004561508,573.0299999995998,1.386459e-05,573.0299999995998,4.939447e-06
573.0449999995998,0.004212972,573.0449999995998,0.004655593,573.0449999995998,1.379329e-05,573.0449999995998,4.771172e-06
573.0599999995998,0.004198206,573.0599999995998,0.004667199,573.0599999995998,1.386459e-05,573.0599999995998,4.777073e-06
573.0749999995998,0.004273754,573.0749999995998,0.004608851,573.0749999995998,1.285226e-05,573.0749999995998,4.547444e-06
573.0899999995997,0.004425595,573.0899999995997,0.004599969,573.0899999995997,1.206765e-05,573.0899999995997,4.318654e-06
573.1049999995997,0.00439909,573.1049999995997,0.004498365,573.1049999995997,1.226449e-05,573.1049999995997,4.131956e-06
573.1199999995997,0.004341785,573.1199999995997,0.004484064,573.1199999995997,1.24966e-05,573.1199999995997,4.070128e-06
573.1349999995997,0.004165326,573.1349999995997,0.004554494,573.1349999995997,1.153162e-05,573.1349999995997,3.741947e-06
573.1499999995997,0.003941576,573.1499999995997,0.004575436,573.1499999995997,1.207465e-05,573.1499999995997,3.615583e-06
573.1649999995997,0.003840202,573.1649999995997,0.004558891,573.1649999995997,1.276648e-05,573.1649999995997,3.476546e-06
573.1799999995997,0.003644351,573.1799999995997,0.004573368,573.1799999995997,1.293093e-05,573.1799999995997,3.122176e-06
573.1949999995996,0.003398364,573.1949999995996,0.004741847,573.1949999995996,1.268789e-05,573.1949999995996,3.219907e-06
573.2099999995996,0.003231699,573.2099999995996,0.00483768,573.2099999995996,1.318979e-05,573.2099999995996,3.215529e-06
573.2249999995996,0.003083586,573.2249999995996,0.004885031,573.2249999995996,1.32569e-05,573.2249999995996,3.126685e-06
573.2399999995996,0.002918196,573.2399999995996,0.004890738,573.2399999995996,1.305345e-05,573.2399999995996,2.979029e-06
573.2549999995996,0.00292729,573.2549999995996,0.004953578,573.2549999995996,1.309439e-05,573.2549999995996,2.902385e-06
573.2699999995996,0.002971368,573.2699999995996,0.005059133,573.2699999995996,1.274107e-05,573.2699999995996,2.892662e-06
573.2849999995996,0.002776327,573.2849999995996,0.005137263,573.2849999995996,1.270564e-05,573.2849999995996,2.897527e-06
573.2999999995995,0.002615467,573.2999999995995,0.005137256,573.2999999995995,1.279954e-05,573.2999999995995,3.039879e-06
573.3149999995995,0.002513297,573.3149999995995,0.005133415,573.3149999995995,1.274881e-05,573.3149999995995,3.021286e-06
573.3299999995995,0.002703768,573.3299999995995,0.005034334,573.3299999995995,1.282043e-05,573.3299999995995,3.276286e-06
573.3449999995995,0.002788632,573.3449999995995,0.005032212,573.3449999995995,1.317804e-05,573.3449999995995,3.419349e-06
573.3599999995995,0.002859447,573.3599999995995,0.00509826,573.3599999995995,1.288181e-05,573.3599999995995,3.568524e-06
573.3749999995995,0.002920376,573.3749999995995,0.005059313,573.3749999995995,1.204779e-05,573.3749999995995,3.662038e-06
573.3899999995995,0.003222715,573.3899999995995,0.005059325,573.3899999995995,1.276537e-05,573.3899999995995,3.764466e-06
573.4049999995995,0.003458875,573.4049999995995,0.005083421,573.4049999995995,1.175903e-05,573.4049999995995,3.741947e-06
573.4199999995994,0.003496958,573.4199999995994,0.005116788,573.4199999995994,1.263672e-05,573.4199999995994,3.92925e-06
573.4349999995994,0.003593551,573.4349999995994,0.005080603,573.4349999995994,1.26512e-05,573.4349999995994,4.042345e-06
573.4499999995994,0.003658342,573.4499999995994,0.00505194,573.4499999995994,1.338065e-05,573.4499999995994,4.0632e-06
573.4649999995994,0.003671094,573.4649999995994,0.005057443,573.4649999995994,1.310837e-05,573.4649999995994,4.083948e-06
573.4799999995994,0.003681991,573.4799999995994,0.005144181,573.4799999995994,1.309009e-05,573.4799999995994,4.080498e-06
573.4949999995994,0.003603939,573.4949999995994,0.005134142,573.4949999995994,1.31791e-05,573.4949999995994,4.27604e-06
573.5099999995994,0.003563665,573.5099999995994,0.005107116,573.5099999995994,1.319513e-05,573.5099999995994,4.302314e-06
573.5249999995993,0.003449611,573.5249999995993,0.005034743,573.5249999995993,1.351786e-05,573.5249999995993,4.242968e-06
573.5399999995993,0.003380002,573.5399999995993,0.005025519,573.5399999995993,1.480503e-05,573.5399999995993,4.334932e-06
573.5549999995993,0.00331161,573.5549999995993,0.005002646,573.5549999995993,1.501665e-05,573.5549999995993,4.285911e-06
573.5699999995993,0.003554774,573.5699999995993,0.005026584,573.5699999995993,1.56163e-05,573.5699999995993,4.434525e-06
573.5849999995993,0.00357106,573.5849999995993,0.005012367,573.5849999995993,1.612576e-05,573.5849999995993,4.459865e-06
573.5999999995993,0.003543301,573.5999999995993,0.005002298,573.5999999995993,1.588106e-05,573.5999999995993,4.434525e-06
573.6149999995993,0.00343524,573.6149999995993,0.004965206,573.6149999995993,1.629435e-05,573.6149999995993,4.672725e-06
573.6299999995992,0.003373339,573.6299999995992,0.004973001,573.6299999995992,1.800921e-05,573.6299999995992,4.663672e-06
573.6449999995992,0.003283948,573.6449999995992,0.004977623,573.6449999995992,1.761777e-05,573.6449999995992,5.029879e-06
573.6599999995992,0.003337662,573.6599999995992,0.004974469,573.6599999995992,1.793161e-05,573.6599999995992,5.035477e-06
573.6749999995992,0.003323117,573.6749999995992,0.004959334,573.6749999995992,1.724278e-05,573.6749999995992,4.858938e-06
573.6899999995992,0.00325218,573.6899999995992,0.005049041,573.6899999995992,1.716335e-05,573.6899999995992,4.83569e-06
573.7049999995992,0.003289458,573.7049999995992,0.005041497,573.7049999995992,1.690034e-05,573.7049999995992,4.824024e-06
573.7199999995992,0.003353092,573.7199999995992,0.005006743,573.7199999995992,1.692117e-05,573.7199999995992,4.853136e-06
573.7349999995992,0.003380371,573.7349999995992,0.004983758,573.7349999995992,1.697104e-05,573.7349999995992,5.035477e-06
573.7499999995991,0.003374495,573.7499999995991,0.004963903,573.7499999995991,2.560622e-05,573.7499999995991,5.110451e-06
573.7649999995991,0.003490636,573.7649999995991,0.004997844,573.7649999995991,3.256492e-05,573.7649999995991,5.297233e-06
573.7799999995991,0.003584632,573.7799999995991,0.004987271,573.7799999995991,3.24991e-05,573.7799999995991,5.310512e-06
573.7949999995991,0.003781455,573.7949999995991,0.004994533,573.7949999995991,3.282129e-05,573.7949999995991,5.634837e-06
573.8099999995991,0.003907775,573.8099999995991,0.005064503,573.8099999995991,4.170099e-05,573.8099999995991,6.079758e-06
573.8249999995991,0.003874516,573.8249999995991,0.005087087,573.8249999995991,4.270337e-05,573.8249999995991,6.063518e-06
573.8399999995991,0.003976583,573.8399999995991,0.005042825,573.8399999995991,4.904359e-05,573.8399999995991,6.19907e-06
573.854999999599,0.003958825,573.854999999599,0.005031014,573.854999999599,5.766568e-05,573.854999999599,6.255622e-06
573.869999999599,0.004140459,573.869999999599,0.004972251,573.869999999599,7.499086e-05,573.869999999599,6.137409e-06
573.884999999599,0.004152052,573.884999999599,0.004856594,573.884999999599,7.684545e-05,573.884999999599,6.520246e-06
573.899999999599,0.004081601,573.899999999599,0.004656755,573.899999999599,7.715535e-05,573.899999999599,6.483414e-06
573.914999999599,0.004150777,573.914999999599,0.004694061,573.914999999599,7.78455e-05,573.914999999599,7.515824e-06
573.929999999599,0.004259699,573.929999999599,0.004777922,573.929999999599,7.974217e-05,573.929999999599,7.70097e-06
573.944999999599,0.004386345,573.944999999599,0.004777955,573.944999999599,8.092788e-05,573.944999999599,8.365563e-06
573.959999999599,0.004416598,573.959999999599,0.004751556,573.959999999599,8.111878e-05,573.959999999599,8.971695e-06
573.9749999995989,0.004613286,573.9749999995989,0.004748322,573.9749999995989,8.182078e-05,573.9749999995989,9.316767e-06
573.9899999995989,0.004736999,573.9899999995989,0.004726502,573.9899999995989,8.266128e-05,573.9899999995989,9.23476e-06
574.0049999995989,0.004803384,574.0049999995989,0.004760124,574.0049999995989,8.115437e-05,574.0049999995989,9.217965e-06
574.0199999995989,0.004792836,574.0199999995989,0.004836204,574.0199999995989,8.022597e-05,574.0199999995989,9.253046e-06
574.0349999995989,0.004768885,574.0349999995989,0.004836206,574.0349999995989,8.155003e-05,574.0349999995989,1.018915e-05
574.0499999995989,0.004575477,574.0499999995989,0.004897388,574.0499999995989,8.104251e-05,574.0499999995989,1.013092e-05
574.0649999995989,0.004541218,574.0649999995989,0.004855127,574.0649999995989,7.964778e-05,574.0649999995989,1.008493e-05
574.0799999995988,0.004453363,574.0799999995988,0.004810202,574.0799999995988,8.278048e-05,574.0799999995988,1.161682e-05
574.0949999995988,0.00422815,574.0949999995988,0.004888073,574.0949999995988,8.351356e-05,574.0949999995988,1.169417e-05
574.1099999995988,0.003983073,574.1099999995988,0.004921244,574.1099999995988,7.742363e-05,574.1099999995988,1.1705e-05
574.1249999995988,0.00394614,574.1249999995988,0.004972012,574.1249999995988,7.73266e-05,574.1249999995988,1.167126e-05
574.1399999995988,0.003961117,574.1399999995988,0.005006705,574.1399999995988,8.145895e-05,574.1399999995988,1.214097e-05
574.1549999995988,0.003882485,574.1549999995988,0.005204938,574.1549999995988,8.731646e-05,574.1549999995988,1.230577e-05
574.1699999995988,0.003725783,574.1699999995988,0.005235335,574.1699999995988,8.768175e-05,574.1699999995988,1.182831e-05
574.1849999995987,0.003526278,574.1849999995987,0.005111615,574.1849999995987,9.364889e-05,574.1849999995987,1.186042e-05
574.1999999995987,0.003419612,574.1999999995987,0.005063029,574.1999999995987,9.729712e-05,574.1999999995987,1.193619e-05
574.2149999995987,0.003216961,574.2149999995987,0.005051379,574.2149999995987,9.986565e-05,574.2149999995987,1.227941e-05
574.2299999995987,0.003033663,574.2299999995987,0.005029122,574.2299999995987,0.000100881,574.2299999995987,1.240836e-05
574.2449999995987,0.003049837,574.2449999995987,0.004965344,574.2449999995987,0.0001012057,574.2449999995987,1.253037e-05
574.2599999995987,0.002946005,574.2599999995987,0.004975235,574.2599999995987,0.0001008672,574.2599999995987,1.255283e-05
574.2749999995987,0.002836155,574.2749999995987,0.004991413,574.2749999995987,0.0001039384,574.2749999995987,1.26278e-05
574.2899999995986,0.002751929,574.2899999995986,0.004910687,574.2899999995986,0.000104714,574.2899999995986,1.180208e-05
574.3049999995986,0.002833047,574.3049999995986,0.004815836,574.3049999995986,0.0001068742,574.3049999995986,1.183188e-05
574.3199999995986,0.002793033,574.3199999995986,0.004970575,574.3199999995986,0.0001089251,574.3199999995986,1.139646e-05
574.3349999995986,0.002793979,574.3349999995986,0.004918651,574.3349999995986,0.0001089042,574.3349999995986,1.025667e-05
574.3499999995986,0.002759324,574.3499999995986,0.00499915,574.3499999995986,0.0001063933,574.3499999995986,1.071346e-05
574.3649999995986,0.00276314,574.3649999995986,0.005050343,574.3649999995986,0.0001014312,574.3649999995986,1.215488e-05
574.3799999995986,0.002732268,574.3799999995986,0.0049686,574.3799999995986,0.0001005714,574.3799999995986,1.212471e-05
574.3949999995986,0.002720957,574.3949999995986,0.004984809,574.3949999995986,9.592463e-05,574.3949999995986,1.156821e-05
574.4099999995985,0.002658684,574.4099999995985,0.005026015,574.4099999995985,9.327828e-05,574.4099999995985,1.172064e-05
574.4249999995985,0.002631145,574.4249999995985,0.005116613,574.4249999995985,9.369988e-05,574.4249999995985,1.176622e-05
574.4399999995985,0.002587574,574.4399999995985,0.005161197,574.4399999995985,8.650964e-05,574.4399999995985,1.180327e-05
574.4549999995985,0.00259871,574.4549999995985,0.005148602,574.4549999995985,8.191576e-05,574.4549999995985,1.108822e-05
574.4699999995985,0.002627288,574.4699999995985,0.005226361,574.4699999995985,8.003892e-05,574.4699999995985,1.071346e-05
574.4849999995985,0.002314095,574.4849999995985,0.005266555,574.4849999995985,8.012072e-05,574.4849999995985,1.038904e-05
574.4999999995985,0.002127062,574.4999999995985,0.005329898,574.4999999995985,8.014112e-05,574.4999999995985,1.015315e-05
574.5149999995984,0.002099933,574.5149999995984,0.005318441,574.5149999995984,7.926626e-05,574.5149999995984,1.012258e-05
574.5299999995984,0.002042043,574.5299999995984,0.005317852,574.5299999995984,7.623922e-05,574.5299999995984,1.139398e-05
574.5449999995984,0.001944712,574.5449999995984,0.005316424,574.5449999995984,7.649562e-05,574.5449999995984,1.149001e-05
574.5599999995984,0.001704505,574.5599999995984,0.005296198,574.5599999995984,7.156718e-05,574.5599999995984,1.14667e-05
574.5749999995984,0.001605762,574.5749999995984,0.005308061,574.5749999995984,6.965298e-05,574.5749999995984,1.181997e-05
574.5899999995984,0.001578602,574.5899999995984,0.005280958,574.5899999995984,6.483154e-05,574.5899999995984,1.180805e-05
574.6049999995984,0.001544714,574.6049999995984,0.005171276,574.6049999995984,6.163291e-05,574.6049999995984,9.475681e-06
574.6199999995983,0.001443984,574.6199999995983,0.005214773,574.6199999995983,5.872205e-05,574.6199999995983,9.649507e-06
574.6349999995983,0.001247337,574.6349999995983,0.005141573,574.6349999995983,5.948071e-05,574.6349999995983,1.026354e-05
574.6499999995983,0.001268042,574.6499999995983,0.005104271,574.6499999995983,5.755859e-05,574.6499999995983,1.018639e-05
574.6649999995983,0.001310697,574.6649999995983,0.005065565,574.6649999995983,5.687564e-05,574.6649999995983,9.767037e-06
574.6799999995983,0.001315229,574.6799999995983,0.005048442,574.6799999995983,5.720902e-05,574.6799999995983,9.655344e-06
574.6949999995983,0.001257976,574.6949999995983,0.005048442,574.6949999995983,5.653256e-05,574.6949999995983,9.554146e-06
574.7099999995983,0.001139441,574.7099999995983,0.005085964,574.7099999995983,5.60732e-05,574.7099999995983,9.542344e-06
574.7249999995983,0.001014916,574.7249999995983,0.00504652,574.7249999995983,5.543829e-05,574.7249999995983,9.411539e-06
574.7399999995982,0.001003444,574.7399999995982,0.005004305,574.7399999995982,5.066156e-05,574.7399999995982,9.389061e-06
574.7549999995982,0.0009996956,574.7549999995982,0.0048984,574.7549999995982,5.188062e-05,574.7549999995982,9.445902e-06
574.7699999995982,0.001060989,574.7699999995982,0.004712851,574.7699999995982,5.148568e-05,574.7699999995982,8.250264e-06
574.7849999995982,0.001114975,574.7849999995982,0.004614456,574.7849999995982,4.716116e-05,574.7849999995982,7.840554e-06
574.7999999995982,0.001103337,574.7999999995982,0.004559077,574.7999999995982,4.807203e-05,574.7999999995982,7.677153e-06
574.8149999995982,0.001114368,574.8149999995982,0.004525966,574.8149999995982,4.856358e-05,574.8149999995982,7.379642e-06
574.8299999995982,0.001170686,574.8299999995982,0.004411673,574.8299999995982,4.638686e-05,574.8299999995982,7.047669e-06
574.8449999995981,0.001177991,574.8449999995981,0.004282537,574.8449999995981,4.629597e-05,574.8449999995981,6.957143e-06
574.8599999995981,0.001252451,574.8599999995981,0.004261876,574.8599999995981,4.644786e-05,574.8599999995981,6.916529e-06
574.8749999995981,0.001256087,574.8749999995981,0.004264927,574.8749999995981,4.285451e-05,574.8749999995981,5.652309e-06
574.8899999995981,0.001248335,574.8899999995981,0.004234323,574.8899999995981,4.083327e-05,574.8899999995981,5.425972e-06
574.9049999995981,0.001186475,574.9049999995981,0.004277926,574.9049999995981,4.075592e-05,574.9049999995981,5.412975e-06
574.9199999995981,0.001172832,574.9199999995981,0.004264593,574.9199999995981,4.012685e-05,574.9199999995981,6.098266e-06
574.9349999995981,0.001236192,574.9349999995981,0.004279781,574.9349999995981,3.938274e-05,574.9349999995981,6.054217e-06
574.949999999598,0.001492853,574.949999999598,0.004285679,574.949999999598,3.928139e-05,574.949999999598,5.807196e-06
574.964999999598,0.001498293,574.964999999598,0.004285705,574.964999999598,3.776906e-05,574.964999999598,5.8867e-06
574.979999999598,0.001795966,574.979999999598,0.004312114,574.979999999598,3.658421e-05,574.979999999598,5.991066e-06
574.994999999598,0.002207356,574.994999999598,0.004388054,574.994999999598,3.524275e-05,574.994999999598,6.047233e-06
575.009999999598,0.002278218,575.009999999598,0.004547871,575.009999999598,3.499285e-05,575.009999999598,5.908198e-06
575.024999999598,0.002601803,575.024999999598,0.004672417,575.024999999598,3.506001e-05,575.024999999598,5.795054e-06
575.039999999598,0.002853023,575.039999999598,0.004766424,575.039999999598,3.320531e-05,575.039999999598,5.824151e-06
575.054999999598,0.002960128,575.054999999598,0.004817558,575.054999999598,2.963763e-05,575.054999999598,5.826569e-06
575.0699999995979,0.00321619,575.0699999995979,0.004897042,575.0699999995979,2.445247e-05,575.0699999995979,6.327271e-06
575.0849999995979,0.003405154,575.0849999995979,0.005008874,575.0849999995979,2.377305e-05,575.0849999995979,6.450741e-06
575.0999999995979,0.003455651,575.0999999995979,0.005042413,575.0999999995979,2.163238e-05,575.0999999995979,6.890002e-06
575.1149999995979,0.003697329,575.1149999995979,0.005164627,575.1149999995979,2.160175e-05,575.1149999995979,7.087532e-06
575.1299999995979,0.003949992,575.1299999995979,0.00514234,575.1299999995979,2.157434e-05,575.1299999995979,7.27196e-06
575.1449999995979,0.004047378,575.1449999995979,0.005165414,575.1449999995979,2.161935e-05,575.1449999995979,7.28164e-06
575.1599999995979,0.00410888,575.1599999995979,0.005081742,575.1599999995979,2.226898e-05,575.1599999995979,6.667651e-06
575.1749999995978,0.004270817,575.1749999995978,0.00512789,575.1749999995978,1.464431e-05,575.1749999995978,6.686639e-06
575.1899999995978,0.004310026,575.1899999995978,0.005072984,575.1899999995978,1.301995e-05,575.1899999995978,6.737009e-06
575.2049999995978,0.004183118,575.2049999995978,0.005053496,575.2049999995978,1.306855e-05,575.2049999995978,6.883865e-06
575.2199999995978,0.004182043,575.2199999995978,0.004935361,575.2199999995978,1.323031e-05,575.2199999995978,7.001547e-06
575.2349999995978,0.004092701,575.2349999995978,0.005019485,575.2349999995978,1.571162e-05,575.2349999995978,6.900217e-06
575.2499999995978,0.003938596,575.2499999995978,0.004987882,575.2499999995978,1.897513e-05,575.2499999995978,6.803591e-06
575.2649999995978,0.003877026,575.2649999995978,0.004902935,575.2649999995978,2.055862e-05,575.2649999995978,7.089519e-06
575.2799999995977,0.003616839,575.2799999995977,0.004893298,575.2799999995977,2.062703e-05,575.2799999995977,6.910417e-06
575.2949999995977,0.003462609,575.2949999995977,0.004846004,575.2949999995977,2.067341e-05,575.2949999995977,6.900217e-06
575.3099999995977,0.003352846,575.3099999995977,0.004704531,575.3099999995977,2.041284e-05,575.3099999995977,6.743279e-06
575.3249999995977,0.003130982,575.3249999995977,0.004622008,575.3249999995977,2.039835e-05,575.3249999995977,6.280343e-06
575.3399999995977,0.002922321,575.3399999995977,0.004622008,575.3399999995977,2.044318e-05,575.3399999995977,5.490492e-06
575.3549999995977,0.002806481,575.3549999995977,0.004702881,575.3549999995977,2.180555e-05,575.3549999995977,5.503306e-06
575.3699999995977,0.002474681,575.3699999995977,0.004698821,575.3699999995977,2.168116e-05,575.3699999995977,5.049445e-06
575.3849999995977,0.002044378,575.3849999995977,0.004692276,575.3849999995977,2.164474e-05,575.3849999995977,4.844421e-06
575.3999999995976,0.001938189,575.3999999995976,0.004568093,575.3999999995976,2.141049e-05,575.3999999995976,4.821102e-06
575.4149999995976,0.001784389,575.4149999995976,0.004573262,575.4149999995976,2.34833e-05,575.4149999995976,4.782967e-06
575.4299999995976,0.001298949,575.4299999995976,0.004610802,575.4299999995976,2.330688e-05,575.4299999995976,4.824024e-06
575.4449999995976,0.001153914,575.4449999995976,0.004745259,575.4449999995976,2.315407e-05,575.4449999995976,4.491339e-06
575.4599999995976,0.001147986,575.4599999995976,0.004732206,575.4599999995976,2.326393e-05,575.4599999995976,4.272744e-06
575.4749999995976,0.001133966,575.4749999995976,0.004745472,575.4749999995976,2.33805e-05,575.4749999995976,4.087396e-06
575.4899999995976,0.001031612,575.4899999995976,0.004728923,575.4899999995976,1.874433e-05,575.4899999995976,4.11145e-06
575.5049999995975,0.001010189,575.5049999995975,0.004848992,575.5049999995975,1.865167e-05,575.5049999995975,4.104592e-06
575.5199999995975,0.0009354591,575.5199999995975,0.00484935,575.5199999995975,1.658058e-05,575.5199999995975,3.842245e-06
575.5349999995975,0.0008019353,575.5349999995975,0.004884274,575.5349999995975,1.652782e-05,575.5349999995975,4.0632e-06
575.5499999995975,0.0007411058,575.5499999995975,0.004929824,575.5499999995975,1.673786e-05,575.5499999995975,4.077044e-06
575.5649999995975,0.0006951132,575.5649999995975,0.004994957,575.5649999995975,1.680757e-05,575.5649999995975,4.073587e-06
575.5799999995975,0.000642846,575.5799999995975,0.005050354,575.5799999995975,1.697934e-05,575.5799999995975,4.17604e-06
575.5949999995975,0.0005516165,575.5949999995975,0.005009079,575.5949999995975,1.642437e-05,575.5949999995975,4.38019e-06
575.6099999995974,0.0005155757,575.6099999995974,0.004972532,575.6099999995974,1.514369e-05,575.6099999995974,4.285911e-06
575.6249999995974,0.0005263538,575.6249999995974,0.005002854,575.6249999995974,1.505973e-05,575.6249999995974,4.318654e-06
575.6399999995974,0.0005314599,575.6399999995974,0.004953311,575.6399999995974,1.509337e-05,575.6399999995974,4.259536e-06
575.6549999995974,0.0004655294,575.6549999995974,0.004938652,575.6549999995974,1.326009e-05,575.6549999995974,4.246287e-06
575.6699999995974,0.0004657735,575.6699999995974,0.004846327,575.6699999995974,1.069109e-05,575.6699999995974,3.943564e-06
575.6849999995974,0.0004516707,575.6849999995974,0.004863644,575.6849999995974,1.089987e-05,575.6849999995974,4.155752e-06
575.6999999995974,0.0004365848,575.6999999995974,0.004733788,575.6999999995974,1.082465e-05,575.6999999995974,4.272744e-06
575.7149999995974,0.0004317906,575.7149999995974,0.004550921,575.7149999995974,9.94852e-06,575.7149999995974,4.262842e-06
575.7299999995973,0.0004193437,575.7299999995973,0.004567096,575.7299999995973,1.006256e-05,575.7299999995973,4.321914e-06
575.7449999995973,0.0004843912,575.7449999995973,0.004454512,575.7449999995973,1.049293e-05,575.7449999995973,4.360851e-06
575.7599999995973,0.0004801274,575.7599999995973,0.004280999,575.7599999995973,9.78289e-06,575.7599999995973,4.321914e-06
575.7749999995973,0.0004713663,575.7749999995973,0.004280823,575.7749999995973,9.877468e-06,575.7749999995973,4.229668e-06
575.7899999995973,0.0004832893,575.7899999995973,0.004165348,575.7899999995973,9.811646e-06,575.7899999995973,4.066665e-06
575.8049999995973,0.0005281101,575.8049999995973,0.004198592,575.8049999995973,9.330365e-06,575.8049999995973,4.0632e-06
575.8199999995973,0.0005139631,575.8199999995973,0.004225579,575.8199999995973,9.052973e-06,575.8199999995973,4.212983e-06
575.8349999995972,0.0005306319,575.8349999995972,0.004144214,575.8349999995972,8.580036e-06,575.8349999995972,4.104592e-06
575.8499999995972,0.0005854095,575.8499999995972,0.00401529,575.8499999995972,8.485937e-06,575.8499999995972,3.979125e-06
575.8649999995972,0.0005976784,575.8649999995972,0.003945092,575.8649999995972,8.999913e-06,575.8649999995972,4.073587e-06
575.8799999995972,0.0005874965,575.8799999995972,0.003929707,575.8799999995972,9.401056e-06,575.8799999995972,4.080498e-06
575.8949999995972,0.0005846687,575.8949999995972,0.003963391,575.8949999995972,9.269777e-06,575.8949999995972,4.059732e-06
575.9099999995972,0.0005862935,575.9099999995972,0.0040479,575.9099999995972,9.257612e-06,575.9099999995972,4.135364e-06
575.9249999995972,0.0005910586,575.9249999995972,0.004157028,575.9249999995972,9.626121e-06,575.9249999995972,4.216325e-06
575.9399999995971,0.0006024631,575.9399999995971,0.004146439,575.9399999995971,9.13507e-06,575.9399999995971,4.11145e-06
575.9549999995971,0.0005926833,575.9549999995971,0.004316927,575.9549999995971,9.469733e-06,575.9549999995971,4.223002e-06
575.9699999995971,0.0005951568,575.9699999995971,0.004488224,575.9699999995971,9.668466e-06,575.9699999995971,4.114875e-06
575.9849999995971,0.0005600045,575.9849999995971,0.004449394,575.9849999995971,9.029603e-06,575.9849999995971,4.108022e-06
575.9999999995971,0.0005472552,575.9999999995971,0.004600705,575.9999999995971,8.749116e-06,575.9999999995971,4.087396e-06
576.0149999995971,0.0005497606,576.0149999995971,0.004717108,576.0149999995971,8.91025e-06,576.0149999995971,4.024883e-06
576.0299999995971,0.0005521891,576.0299999995971,0.004686465,576.0299999995971,8.625883e-06,576.0299999995971,4.073587e-06
576.044999999597,0.0005317988,576.044999999597,0.004792926,576.044999999597,8.774839e-06,576.044999999597,4.393035e-06
576.059999999597,0.0004699036,576.059999999597,0.004685948,576.059999999597,8.729774e-06,576.059999999597,4.389827e-06
576.074999999597,0.0004347828,576.074999999597,0.004651205,576.074999999597,8.824465e-06,576.074999999597,4.179412e-06
576.089999999597,0.0004035349,576.089999999597,0.004693973,576.089999999597,8.960697e-06,576.089999999597,4.145571e-06
576.104999999597,0.0003373283,576.104999999597,0.004662425,576.104999999597,8.540542e-06,576.104999999597,4.090841e-06
576.119999999597,0.00032829,576.119999999597,0.004621949,576.119999999597,7.977696e-06,576.119999999597,4.017877e-06
576.134999999597,0.0003136948,576.134999999597,0.004487366,576.134999999597,7.360529e-06,576.134999999597,4.0632e-06
576.149999999597,0.0003119661,576.149999999597,0.004559196,576.149999999597,7.728359e-06,576.149999999597,4.128545e-06
576.164999999597,0.0003037672,576.164999999597,0.00451582,576.164999999597,7.510198e-06,576.164999999597,3.900464e-06
576.1799999995969,0.0002840295,576.1799999995969,0.004565013,576.1799999995969,7.2409e-06,576.1799999995969,3.842245e-06
576.1949999995969,0.0002639901,576.1949999995969,0.00449872,576.1949999995969,7.057657e-06,576.1949999995969,3.662038e-06
576.2099999995969,0.0002832513,576.2099999995969,0.004351675,576.2099999995969,6.498606e-06,576.2099999995969,3.56062e-06
576.2249999995969,0.0002656668,576.2249999995969,0.004191996,576.2249999995969,7.186222e-06,576.2249999995969,3.719291e-06
576.2399999995969,0.0002666089,576.2399999995969,0.004095854,576.2399999995969,7.808148e-06,576.2399999995969,3.856882e-06
576.2549999995969,0.0002111519,576.2549999995969,0.003984948,576.2549999995969,7.735647e-06,576.2549999995969,3.768206e-06
576.2699999995968,0.0002042671,576.2699999995968,0.003719728,576.2699999995968,7.491418e-06,576.2699999995968,3.79057e-06
576.2849999995968,0.0002072452,576.2849999995968,0.003624445,576.2849999995968,7.62006e-06,576.2849999995968,3.603876e-06
576.2999999995968,0.0002078894,576.2999999995968,0.00350561,576.2999999995968,7.497057e-06,576.2999999995968,3.390388e-06
576.3149999995968,0.0002095618,576.3149999995968,0.003331922,576.3149999995968,7.575563e-06,576.3149999995968,3.568524e-06
576.3299999995968,0.0002153864,576.3299999995968,0.003264898,576.3299999995968,7.375824e-06,576.3299999995968,3.548731e-06
576.3449999995968,0.0002069821,576.3449999995968,0.003139474,576.3449999995968,7.324076e-06,576.3449999995968,3.572469e-06
576.3599999995968,0.0002070669,576.3599999995968,0.003176966,576.3599999995968,7.29903e-06,576.3599999995968,3.57641e-06
576.3749999995968,0.0002087526,576.3749999995968,0.003153983,576.3749999995968,7.320229e-06,576.3749999995968,3.496747e-06
576.3899999995967,0.0002084564,576.3899999995967,0.003175664,576.3899999995967,7.423416e-06,576.3899999995967,3.504795e-06
576.4049999995967,0.0001944571,576.4049999995967,0.003226023,576.4049999995967,6.993494e-06,576.4049999995967,3.496747e-06
576.4199999995967,0.0001980234,576.4199999995967,0.003238318,576.4199999995967,7.019631e-06,576.4199999995967,3.568524e-06
576.4349999995967,0.0001952291,576.4349999995967,0.003123208,576.4349999995967,7.113323e-06,576.4349999995967,3.548731e-06
576.4499999995967,0.0001899761,576.4499999995967,0.003396751,576.4499999995967,7.201887e-06,576.4499999995967,3.584279e-06
576.4649999995967,0.0001562123,576.4649999995967,0.003552673,576.4649999995967,6.550423e-06,576.4649999995967,3.584279e-06
576.4799999995967,0.0001832842,576.4799999995967,0.003705009,576.4799999995967,6.217223e-06,576.4799999995967,3.28916e-06
576.4949999995966,0.0002094783,576.4949999995966,0.003826482,576.4949999995966,5.344885e-06,576.4949999995966,3.484641e-06
576.5099999995966,0.0002239913,576.5099999995966,0.004068657,576.5099999995966,5.689569e-06,576.5099999995966,3.439886e-06
576.5249999995966,0.0002509907,576.5249999995966,0.004197083,576.5249999995966,5.564399e-06,576.5249999995966,3.480596e-06
576.5399999995966,0.0002426146,576.5399999995966,0.004204131,576.5399999995966,5.629835e-06,576.5399999995966,3.460301e-06
576.5549999995966,0.0002379101,576.5549999995966,0.004233128,576.5549999995966,5.597212e-06,576.5549999995966,3.439886e-06
576.5699999995966,0.0002387668,576.5699999995966,0.004254475,576.5699999995966,5.716739e-06,576.5699999995966,3.271984e-06
576.5849999995966,0.0002346762,576.5849999995966,0.004307425,576.5849999995966,5.95096e-06,576.5849999995966,3.297714e-06
576.5999999995965,0.0002353847,576.5999999995965,0.004415721,576.5999999995965,5.931993e-06,576.5999999995965,3.29344e-06
576.6149999995965,0.0002352114,576.6149999995965,0.004469403,576.6149999995965,6.05887e-06,576.6149999995965,3.306247e-06
576.6299999995965,0.0002325541,576.6299999995965,0.004402039,576.6299999995965,6.098266e-06,576.6299999995965,3.233005e-06
576.6449999995965,0.0002336235,576.6449999995965,0.004333574,576.6449999995965,6.155743e-06,576.6449999995965,3.237359e-06
576.6599999995965,0.0002328393,576.6599999995965,0.00412642,576.6599999995965,6.098266e-06,576.6599999995965,3.228645e-06
576.6749999995965,0.000232413,576.6749999995965,0.004003158,576.6749999995965,6.11902e-06,576.6749999995965,3.215529e-06
576.6899999995965,0.0002376176,576.6899999995965,0.003804052,576.6899999995965,5.988714e-06,576.6899999995965,3.348582e-06
576.7049999995965,0.0002426329,576.7049999995965,0.003590924,576.7049999995965,5.939112e-06,576.7049999995965,3.310505e-06
576.7199999995964,0.0002581568,576.7199999995964,0.003409227,576.7199999995964,6.079758e-06,576.7199999995964,3.250386e-06
576.7349999995964,0.0002490516,576.7349999995964,0.003311748,576.7349999995964,6.393712e-06,576.7349999995964,3.237359e-06
576.7499999995964,0.0002131154,576.7499999995964,0.003260635,576.7499999995964,6.293787e-06,576.7499999995964,3.049133e-06
576.7649999995964,0.0001945867,576.7649999995964,0.003069609,576.7649999995964,7.021637e-06,576.7649999995964,3.081303e-06
576.7799999995964,0.0001866889,576.7799999995964,0.002855391,576.7799999995964,7.379642e-06,576.7799999995964,3.158065e-06
576.7949999995964,0.00019114,576.7949999995964,0.002804832,576.7949999995964,7.538281e-06,576.7949999995964,3.044509e-06
576.8099999995964,0.0001939683,576.8099999995964,0.002800168,576.8099999995964,8.439329e-06,576.8099999995964,3.049133e-06
576.8249999995963,0.0001944887,576.8249999995963,0.002749764,576.8249999995963,8.729774e-06,576.8249999995963,3.035241e-06
576.8399999995963,0.0002021812,576.8399999995963,0.002706778,576.8399999995963,8.666614e-06,576.8399999995963,3.224279e-06
576.8549999995963,0.000217518,576.8549999995963,0.002679399,576.8549999995963,8.77805e-06,576.8549999995963,3.297714e-06
576.8699999995963,0.0002187617,576.8699999995963,0.002926572,576.8699999995963,8.684475e-06,576.8699999995963,3.40283e-06
576.8849999995963,0.0002187953,576.8849999995963,0.003227726,576.8849999995963,8.647087e-06,576.8849999995963,3.460301e-06
576.8999999995963,0.0002191216,576.8999999995963,0.003456735,576.8999999995963,8.489256e-06,576.8999999995963,3.456227e-06
576.9149999995963,0.0002438876,576.9149999995963,0.003619296,576.9149999995963,8.51411e-06,576.9149999995963,3.611685e-06
576.9299999995962,0.0002510044,576.9299999995962,0.003849898,576.9299999995962,8.451005e-06,576.9299999995962,3.711708e-06
576.9449999995962,0.0002454898,576.9449999995962,0.004044208,576.9449999995962,8.454338e-06,576.9449999995962,3.73441e-06
576.9599999995962,0.0002417212,576.9599999995962,0.004196011,576.9599999995962,8.504177e-06,576.9599999995962,3.779404e-06
576.9749999995962,0.000234342,576.9749999995962,0.004369856,576.9749999995962,8.331817e-06,576.9749999995962,3.820184e-06
576.9899999995962,0.0002404071,576.9899999995962,0.004374902,576.9899999995962,7.990047e-06,576.9899999995962,3.801702e-06
577.0049999995962,0.0002415395,577.0049999995962,0.004385117,577.0049999995962,7.97593e-06,577.0049999995962,3.79057e-06
577.0199999995962,0.0002391119,577.0199999995962,0.004503154,577.0199999995962,6.610363e-06,577.0199999995962,3.723076e-06
577.0349999995962,0.0002279733,577.0349999995962,0.004693458,577.0349999995962,6.331722e-06,577.0349999995962,3.67356e-06
577.0499999995961,0.0002335318,577.0499999995961,0.004676257,577.0499999995961,6.496438e-06,577.0499999995961,3.665883e-06
577.0649999995961,0.0002324911,577.0649999995961,0.004641101,577.0649999995961,5.477649e-06,577.0649999995961,3.681221e-06
577.0799999995961,0.0002371752,577.0799999995961,0.004807788,577.0799999995961,6.132817e-06,577.0799999995961,3.749468e-06
577.0949999995961,0.0002188605,577.0949999995961,0.004821216,577.0949999995961,6.342836e-06,577.0949999995961,3.688867e-06
577.1099999995961,0.0002098118,577.1099999995961,0.004639955,577.1099999995961,6.333946e-06,577.1099999995961,3.665883e-06
577.1249999995961,0.0002111816,577.1249999995961,0.004506622,577.1249999995961,6.33617e-06,577.1249999995961,3.619477e-06
577.1399999995961,0.0002105345,577.1399999995961,0.004304659,577.1399999995961,6.338393e-06,577.1399999995961,3.588207e-06
577.154999999596,0.0002050429,577.154999999596,0.004095028,577.154999999596,6.340615e-06,577.154999999596,3.588207e-06
577.169999999596,0.0001786303,577.169999999596,0.003961997,577.169999999596,6.659195e-06,577.169999999596,3.263362e-06
577.184999999596,0.0001689427,577.184999999596,0.003815401,577.184999999596,6.625263e-06,577.184999999596,3.335938e-06
577.199999999596,0.0001666964,577.199999999596,0.003604011,577.199999999596,6.955118e-06,577.199999999596,3.427579e-06
577.214999999596,0.0001652464,577.214999999596,0.003457448,577.214999999596,7.174451e-06,577.214999999596,3.439886e-06
577.229999999596,0.0001476524,577.229999999596,0.003326971,577.229999999596,7.339447e-06,577.229999999596,3.524834e-06
577.244999999596,0.0001422732,577.244999999596,0.00323035,577.244999999596,7.410121e-06,577.244999999596,3.665883e-06
577.259999999596,0.0001451486,577.259999999596,0.00299264,577.259999999596,7.396802e-06,577.259999999596,3.834905e-06
577.2749999995959,0.0001518463,577.2749999995959,0.002786394,577.2749999995959,7.325999e-06,577.2749999995959,3.820184e-06
577.2899999995959,0.0001513841,577.2899999995959,0.002623876,577.2899999995959,7.324076e-06,577.2899999995959,3.842245e-06
577.3049999995959,0.0001441242,577.3049999995959,0.002735449,577.3049999995959,6.857212e-06,577.3049999995959,3.986198e-06
577.3199999995959,0.0001399717,577.3199999995959,0.002804091,577.3199999995959,6.718165e-06,577.3199999995959,3.853228e-06
577.3349999995959,0.000140624,577.3349999995959,0.002491391,577.3349999995959,5.943854e-06,577.3349999995959,3.860533e-06
577.3499999995959,0.0001466357,577.3499999995959,0.00256126,577.3499999995959,5.760922e-06,577.3499999995959,3.809105e-06
577.3649999995959,0.0001578658,577.3649999995959,0.002823332,577.3649999995959,5.967507e-06,577.3649999995959,3.707911e-06
577.3799999995958,0.0001653749,577.3799999995958,0.003045729,577.3799999995958,6.063518e-06,577.3799999995958,3.623367e-06
577.3949999995958,0.000168053,577.3949999995958,0.003249456,577.3949999995958,6.109804e-06,577.3949999995958,3.669723e-06
